patient_id,filename,fold
46579,46579_AV.wav,0
46579,46579_MV.wav,0
46579,46579_PV.wav,0
46579,46579_TV.wav,0
49572,49572_MV.wav,0
49572,49572_PV.wav,0
49572,49572_TV.wav,0
49622,49622_AV.wav,0
49622,49622_MV.wav,0
49638,49638_AV.wav,0
49638,49638_MV.wav,0
49638,49638_PV.wav,0
49761,49761_AV.wav,0
49761,49761_MV.wav,0
49823,49823_MV.wav,0
49823,49823_PV.wav,0
49823,49823_TV.wav,0
49832,49832_AV.wav,0
49832,49832_MV.wav,0
49839,49839_AV.wav,0
49839,49839_MV.wav,0
49839,49839_PV.wav,0
49839,49839_TV.wav,0
49854,49854_AV.wav,0
49854,49854_MV.wav,0
49854,49854_PV.wav,0
49854,49854_TV.wav,0
49959,49959_AV.wav,0
49959,49959_MV.wav,0
49980,49980_AV.wav,0
49980,49980_MV.wav,0
49980,49980_PV.wav,0
49980,49980_TV.wav,0
49999,49999_AV.wav,0
49999,49999_MV.wav,0
49999,49999_PV.wav,0
49999,49999_TV.wav,0
50061,50061_AV.wav,0
50061,50061_MV.wav,0
50061,50061_PV.wav,0
50061,50061_TV.wav,0
50070,50070_AV.wav,0
50070,50070_MV.wav,0
50070,50070_PV.wav,0
50070,50070_TV.wav,0
50105,50105_MV.wav,0
50105,50105_PV.wav,0
50105,50105_TV.wav,0
50129,50129_AV.wav,0
50129,50129_MV.wav,0
50129,50129_PV.wav,0
50129,50129_TV.wav,0
50221,50221_AV.wav,0
50221,50221_MV.wav,0
50228,50228_AV.wav,0
50228,50228_MV.wav,0
50230,50230_AV.wav,0
50230,50230_MV.wav,0
50230,50230_PV.wav,0
50230,50230_TV.wav,0
50238,50238_AV.wav,0
50238,50238_MV.wav,0
50238,50238_PV.wav,0
50238,50238_TV.wav,0
50271,50271_AV.wav,0
50271,50271_MV.wav,0
50271,50271_PV.wav,0
50271,50271_TV.wav,0
50284,50284_AV.wav,0
50284,50284_MV.wav,0
50284,50284_PV.wav,0
50284,50284_TV.wav,0
50303,50303_AV.wav,0
50303,50303_MV.wav,0
50303,50303_PV.wav,0
50317,50317_AV.wav,0
50317,50317_PV.wav,0
50317,50317_TV.wav,0
50337,50337_MV.wav,0
50337,50337_PV.wav,0
50337,50337_TV.wav,0
50640,50640_MV.wav,0
50657,50657_AV.wav,0
50657,50657_MV.wav,0
50657,50657_PV.wav,0
50657,50657_TV.wav,0
50659,50659_AV.wav,0
50659,50659_MV.wav,0
50659,50659_PV.wav,0
50659,50659_TV.wav,0
50671,50671_MV.wav,0
50680,50680_AV.wav,0
50680,50680_MV.wav,0
50680,50680_PV.wav,0
50680,50680_TV.wav,0
50685,50685_AV.wav,0
50685,50685_MV.wav,0
50685,50685_TV.wav,0
50739,50739_AV.wav,0
50739,50739_MV.wav,0
50752,50752_AV.wav,0
50752,50752_MV.wav,0
50752,50752_PV.wav,0
50752,50752_TV.wav,0
50762,50762_AV.wav,0
50762,50762_MV.wav,0
50762,50762_PV.wav,0
50762,50762_TV.wav,0
50768,50768_AV.wav,0
50770,50770_AV.wav,0
50770,50770_MV.wav,0
50770,50770_PV.wav,0
50770,50770_TV.wav,0
63456,63456_AV.wav,0
63456,63456_MV.wav,0
63456,63456_PV.wav,0
63456,63456_TV.wav,0
64715,64715_MV.wav,0
64715,64715_PV.wav,0
64715,64715_TV.wav,0
68182,68182_AV.wav,0
68182,68182_MV.wav,0
68182,68182_PV.wav,0
68182,68182_TV.wav,0
68368,68368_AV.wav,0
68368,68368_MV.wav,0
68368,68368_PV.wav,0
68368,68368_TV.wav,0
68374,68374_AV.wav,0
68374,68374_MV.wav,0
68395,68395_PV.wav,0
68395,68395_TV.wav,0
68412,68412_AV.wav,0
68412,68412_MV.wav,0
68412,68412_PV.wav,0
68412,68412_TV.wav,0
68435,68435_AV.wav,0
68435,68435_MV.wav,0
68498,68498_AV.wav,0
68498,68498_MV.wav,0
68498,68498_PV.wav,0
68498,68498_TV.wav,0
68702,68702_AV.wav,0
68702,68702_MV.wav,0
68702,68702_PV.wav,0
68702,68702_TV.wav,0
68740,68740_AV.wav,0
68740,68740_MV.wav,0
68740,68740_PV.wav,0
68740,68740_TV.wav,0
68796,68796_AV.wav,0
68796,68796_MV.wav,0
68796,68796_PV.wav,0
68796,68796_TV.wav,0
69060,69060_AV.wav,0
69060,69060_MV.wav,0
69060,69060_PV.wav,0
69060,69060_TV.wav,0
69066,69066_AV.wav,0
69066,69066_MV.wav,0
69066,69066_PV.wav,0
69066,69066_TV.wav,0
73497,73497_AV.wav,0
73497,73497_MV.wav,0
73497,73497_PV.wav,0
73497,73497_TV.wav,0
75440,75440_AV.wav,0
75440,75440_MV.wav,0
75440,75440_PV.wav,0
75440,75440_TV.wav,0
84688,84688_MV.wav,0
84714,84714_AV.wav,0
84714,84714_MV.wav,0
84714,84714_TV.wav,0
84724,84724_AV.wav,0
84724,84724_MV.wav,0
84724,84724_PV.wav,0
84724,84724_TV.wav,0
84727,84727_AV.wav,0
84727,84727_MV.wav,0
84727,84727_PV.wav,0
84727,84727_TV.wav,0
84742,84742_AV.wav,0
84742,84742_MV.wav,0
84742,84742_PV.wav,0
84742,84742_TV.wav,0
84743,84743_AV.wav,0
84743,84743_MV.wav,0
84743,84743_PV.wav,0
84743,84743_TV.wav,0
84798,84798_AV.wav,0
84798,84798_MV.wav,0
84798,84798_PV.wav,0
84798,84798_TV.wav,0
84809,84809_AV.wav,0
84809,84809_MV.wav,0
84809,84809_PV.wav,0
84809,84809_TV.wav,0
84835,84835_AV.wav,0
84835,84835_MV.wav,0
84835,84835_PV.wav,0
84835,84835_TV.wav,0
84837,84837_AV.wav,0
84837,84837_PV.wav,0
84861,84861_AV.wav,0
84861,84861_MV.wav,0
84861,84861_PV.wav,0
84861,84861_TV.wav,0
84870,84870_AV.wav,0
84870,84870_MV.wav,0
84870,84870_PV.wav,0
84870,84870_TV.wav,0
84921,84921_AV.wav,0
84921,84921_MV.wav,0
84921,84921_PV.wav,0
84921,84921_TV.wav,0
84937,84937_AV.wav,0
84937,84937_MV.wav,0
84937,84937_PV.wav,0
84937,84937_TV.wav,0
84945,84945_AV.wav,0
84945,84945_MV.wav,0
84945,84945_PV.wav,0
84945,84945_TV.wav,0
84984,84984_MV.wav,0
84984,84984_PV.wav,0
84988,84988_AV.wav,0
84988,84988_MV.wav,0
84988,84988_PV.wav,0
84994,84994_AV.wav,0
84994,84994_MV.wav,0
84994,84994_PV.wav,0
84994,84994_TV.wav,0
85043,85043_MV.wav,0
85043,85043_PV.wav,0
85043,85043_TV.wav,0
85044,85044_AV.wav,0
85044,85044_PV.wav,0
85076,85076_MV.wav,0
85076,85076_PV.wav,0
85084,85084_AV.wav,0
85084,85084_PV.wav,0
85084,85084_TV.wav,0
85123,85123_AV.wav,0
85123,85123_MV.wav,0
85123,85123_PV.wav,0
85123,85123_TV.wav,0
85124,85124_AV.wav,0
85124,85124_MV.wav,0
85124,85124_PV.wav,0
85124,85124_TV.wav,0
85135,85135_MV.wav,0
85135,85135_PV.wav,0
85135,85135_TV.wav,0
85140,85140_AV.wav,0
85140,85140_MV.wav,0
85140,85140_PV.wav,0
85145,85145_MV.wav,0
85148,85148_AV.wav,0
85148,85148_MV.wav,0
85148,85148_PV.wav,0
85148,85148_TV.wav,0
85166,85166_AV.wav,0
85166,85166_MV.wav,0
85166,85166_PV.wav,0
85166,85166_TV.wav,0
85180,85180_AV.wav,0
85180,85180_MV.wav,0
85180,85180_PV.wav,0
85180,85180_TV.wav,0
85192,85192_AV.wav,0
85192,85192_MV.wav,0
85192,85192_PV.wav,0
85192,85192_TV.wav,0
85213,85213_AV.wav,0
85213,85213_MV.wav,0
85213,85213_PV.wav,0
85213,85213_TV.wav,0
85235,85235_AV.wav,0
85235,85235_MV.wav,0
85235,85235_PV.wav,0
85235,85235_TV.wav,0
85243,85243_AV.wav,0
85243,85243_PV.wav,0
85245,85245_AV.wav,0
85245,85245_PV.wav,0
85245,85245_TV.wav,0
85261,85261_AV.wav,0
85261,85261_MV.wav,0
85261,85261_PV.wav,0
85261,85261_TV.wav,0
85265,85265_AV.wav,0
85265,85265_MV.wav,0
85265,85265_PV.wav,0
85265,85265_TV.wav,0
85287,85287_MV.wav,0
85287,85287_PV.wav,0
85287,85287_TV.wav,0
85321,85321_PV.wav,0
85321,85321_TV.wav,0
85331,85331_AV.wav,0
85331,85331_MV.wav,0
85331,85331_PV.wav,0
85331,85331_TV.wav,0
85336,85336_AV.wav,0
85336,85336_MV.wav,0
85338,85338_AV.wav,0
85338,85338_MV.wav,0
85338,85338_PV.wav,0
85338,85338_TV.wav,0
85343,85343_AV.wav,0
85343,85343_MV.wav,0
85343,85343_PV.wav,0
85343,85343_TV.wav,0
49574,49574_AV.wav,1
49574,49574_MV.wav,1
49574,49574_PV.wav,1
49574,49574_TV.wav,1
49585,49585_AV.wav,1
49585,49585_MV.wav,1
49585,49585_PV.wav,1
49585,49585_TV.wav,1
49669,49669_MV.wav,1
49669,49669_PV.wav,1
49748,49748_AV_1.wav,1
49748,49748_AV_2.wav,1
49748,49748_MV.wav,1
49748,49748_PV_1.wav,1
49748,49748_PV_2.wav,1
49748,49748_TV.wav,1
49808,49808_MV.wav,1
49808,49808_PV.wav,1
49808,49808_TV.wav,1
49821,49821_AV.wav,1
49821,49821_MV.wav,1
49821,49821_PV.wav,1
49821,49821_TV.wav,1
49873,49873_AV.wav,1
49873,49873_MV.wav,1
49876,49876_AV.wav,1
49876,49876_MV.wav,1
49876,49876_PV.wav,1
49876,49876_TV.wav,1
49930,49930_AV.wav,1
49930,49930_MV.wav,1
49930,49930_PV.wav,1
49930,49930_TV.wav,1
50004,50004_MV.wav,1
50004,50004_PV.wav,1
50004,50004_TV.wav,1
50005,50005_MV.wav,1
50023,50023_AV.wav,1
50023,50023_MV.wav,1
50023,50023_PV.wav,1
50023,50023_TV.wav,1
50066,50066_AV.wav,1
50066,50066_MV.wav,1
50074,50074_AV.wav,1
50074,50074_MV.wav,1
50074,50074_PV.wav,1
50074,50074_TV.wav,1
50118,50118_MV.wav,1
50118,50118_PV.wav,1
50118,50118_TV.wav,1
50122,50122_MV.wav,1
50122,50122_PV.wav,1
50122,50122_TV.wav,1
50161,50161_MV.wav,1
50161,50161_PV.wav,1
50161,50161_TV.wav,1
50204,50204_AV.wav,1
50204,50204_MV_1.wav,1
50204,50204_MV_2.wav,1
50206,50206_MV.wav,1
50206,50206_PV.wav,1
50206,50206_TV.wav,1
50219,50219_AV.wav,1
50219,50219_MV.wav,1
50219,50219_PV.wav,1
50220,50220_AV.wav,1
50220,50220_MV.wav,1
50260,50260_AV.wav,1
50260,50260_MV.wav,1
50260,50260_PV.wav,1
50260,50260_TV.wav,1
50291,50291_AV.wav,1
50291,50291_MV.wav,1
50291,50291_PV.wav,1
50314,50314_AV.wav,1
50314,50314_MV.wav,1
50314,50314_PV.wav,1
50314,50314_TV.wav,1
50316,50316_AV.wav,1
50316,50316_MV.wav,1
50323,50323_AV.wav,1
50323,50323_MV.wav,1
50323,50323_PV.wav,1
50323,50323_TV.wav,1
50325,50325_AV.wav,1
50325,50325_MV.wav,1
50325,50325_PV.wav,1
50325,50325_TV.wav,1
50348,50348_AV_1.wav,1
50348,50348_AV_2.wav,1
50348,50348_MV.wav,1
50348,50348_PV.wav,1
50348,50348_TV.wav,1
50625,50625_AV.wav,1
50625,50625_MV.wav,1
50629,50629_AV.wav,1
50629,50629_MV.wav,1
50643,50643_AV.wav,1
50643,50643_MV.wav,1
50644,50644_AV.wav,1
50644,50644_MV.wav,1
50664,50664_AV.wav,1
50664,50664_PV.wav,1
50668,50668_AV.wav,1
50668,50668_MV.wav,1
50668,50668_PV.wav,1
50668,50668_TV.wav,1
50669,50669_AV.wav,1
50669,50669_MV.wav,1
50669,50669_PV.wav,1
50669,50669_TV.wav,1
50678,50678_MV.wav,1
50678,50678_PV.wav,1
50678,50678_TV.wav,1
50725,50725_AV.wav,1
50725,50725_MV.wav,1
50725,50725_PV.wav,1
50725,50725_TV.wav,1
50744,50744_AV.wav,1
50744,50744_MV.wav,1
50744,50744_PV.wav,1
50744,50744_TV.wav,1
50751,50751_AV.wav,1
50751,50751_MV.wav,1
50751,50751_PV.wav,1
50751,50751_TV.wav,1
50820,50820_AV.wav,1
50820,50820_MV.wav,1
50820,50820_PV.wav,1
50820,50820_TV.wav,1
64256,64256_MV.wav,1
64256,64256_PV.wav,1
64256,64256_TV.wav,1
68306,68306_AV.wav,1
68306,68306_MV.wav,1
68306,68306_PV.wav,1
68306,68306_TV.wav,1
68327,68327_AV.wav,1
68327,68327_MV.wav,1
68327,68327_PV.wav,1
68327,68327_TV.wav,1
68337,68337_AV.wav,1
68337,68337_MV.wav,1
68337,68337_PV.wav,1
68337,68337_TV.wav,1
68363,68363_AV.wav,1
68363,68363_MV.wav,1
68407,68407_AV.wav,1
68407,68407_MV.wav,1
68407,68407_PV.wav,1
68407,68407_TV.wav,1
68487,68487_AV.wav,1
68487,68487_MV.wav,1
68487,68487_PV.wav,1
68487,68487_TV.wav,1
68738,68738_AV.wav,1
68738,68738_MV.wav,1
68738,68738_PV.wav,1
68738,68738_TV.wav,1
68886,68886_AV.wav,1
68886,68886_MV.wav,1
68886,68886_PV.wav,1
68886,68886_TV.wav,1
68901,68901_AV.wav,1
68901,68901_MV.wav,1
68901,68901_PV.wav,1
68901,68901_TV.wav,1
68952,68952_AV.wav,1
68952,68952_MV.wav,1
68952,68952_PV.wav,1
68952,68952_TV.wav,1
69068,69068_AV.wav,1
69068,69068_MV.wav,1
69068,69068_PV.wav,1
69068,69068_TV.wav,1
69093,69093_AV.wav,1
69093,69093_MV.wav,1
69093,69093_PV.wav,1
69093,69093_TV.wav,1
69112,69112_AV.wav,1
69112,69112_MV.wav,1
69112,69112_PV.wav,1
69112,69112_TV.wav,1
69125,69125_AV.wav,1
69125,69125_MV.wav,1
69125,69125_PV.wav,1
69125,69125_TV.wav,1
69144,69144_AV.wav,1
69144,69144_MV.wav,1
69144,69144_PV.wav,1
69144,69144_TV.wav,1
69155,69155_MV.wav,1
69155,69155_PV.wav,1
69155,69155_TV.wav,1
69161,69161_AV.wav,1
69161,69161_MV.wav,1
69161,69161_PV.wav,1
69161,69161_TV.wav,1
74420,74420_AV.wav,1
74420,74420_MV.wav,1
78592,78592_AV.wav,1
78592,78592_MV.wav,1
78592,78592_PV.wav,1
78592,78592_TV.wav,1
84699,84699_AV.wav,1
84699,84699_MV.wav,1
84699,84699_PV.wav,1
84699,84699_TV.wav,1
84709,84709_AV.wav,1
84709,84709_MV.wav,1
84709,84709_PV.wav,1
84709,84709_TV.wav,1
84720,84720_AV.wav,1
84735,84735_AV.wav,1
84735,84735_MV.wav,1
84735,84735_PV.wav,1
84735,84735_TV.wav,1
84747,84747_TV.wav,1
84749,84749_AV.wav,1
84749,84749_MV.wav,1
84749,84749_PV.wav,1
84749,84749_TV.wav,1
84750,84750_AV.wav,1
84750,84750_MV.wav,1
84750,84750_PV.wav,1
84750,84750_TV.wav,1
84758,84758_AV.wav,1
84758,84758_MV.wav,1
84758,84758_PV.wav,1
84758,84758_TV.wav,1
84785,84785_AV.wav,1
84785,84785_MV.wav,1
84785,84785_PV.wav,1
84785,84785_TV.wav,1
84840,84840_MV.wav,1
84840,84840_TV.wav,1
84877,84877_AV.wav,1
84877,84877_MV.wav,1
84877,84877_PV.wav,1
84877,84877_TV.wav,1
84885,84885_AV.wav,1
84885,84885_MV.wav,1
84890,84890_AV.wav,1
84890,84890_MV.wav,1
84890,84890_PV.wav,1
84890,84890_TV.wav,1
84893,84893_AV.wav,1
84893,84893_PV.wav,1
84894,84894_AV.wav,1
84894,84894_MV.wav,1
84894,84894_PV.wav,1
84894,84894_TV.wav,1
84917,84917_AV.wav,1
84917,84917_MV.wav,1
84917,84917_PV.wav,1
84917,84917_TV.wav,1
84930,84930_AV.wav,1
84930,84930_MV.wav,1
84930,84930_PV.wav,1
84930,84930_TV.wav,1
84939,84939_AV.wav,1
84939,84939_MV.wav,1
84939,84939_PV.wav,1
84939,84939_TV.wav,1
84947,84947_AV.wav,1
84947,84947_MV.wav,1
84947,84947_PV.wav,1
84947,84947_TV.wav,1
84969,84969_MV.wav,1
84992,84992_AV.wav,1
84992,84992_PV.wav,1
84992,84992_TV.wav,1
85010,85010_AV.wav,1
85010,85010_MV.wav,1
85010,85010_PV.wav,1
85010,85010_TV.wav,1
85033,85033_AV.wav,1
85033,85033_MV.wav,1
85033,85033_PV.wav,1
85033,85033_TV.wav,1
85075,85075_AV.wav,1
85075,85075_MV.wav,1
85075,85075_PV.wav,1
85075,85075_TV.wav,1
85114,85114_AV.wav,1
85114,85114_MV.wav,1
85114,85114_PV.wav,1
85114,85114_TV.wav,1
85133,85133_AV.wav,1
85133,85133_MV.wav,1
85133,85133_PV.wav,1
85133,85133_TV.wav,1
85155,85155_AV.wav,1
85181,85181_AV.wav,1
85181,85181_PV.wav,1
85184,85184_AV.wav,1
85184,85184_MV.wav,1
85184,85184_PV.wav,1
85184,85184_TV.wav,1
85197,85197_AV.wav,1
85197,85197_MV.wav,1
85197,85197_PV.wav,1
85197,85197_TV.wav,1
85242,85242_MV.wav,1
85249,85249_AV.wav,1
85249,85249_MV.wav,1
85249,85249_PV.wav,1
85249,85249_TV.wav,1
85262,85262_AV.wav,1
85262,85262_MV.wav,1
85262,85262_PV.wav,1
85262,85262_TV.wav,1
85288,85288_AV.wav,1
85288,85288_MV.wav,1
85288,85288_PV.wav,1
85288,85288_TV.wav,1
85341,85341_AV.wav,1
85341,85341_MV.wav,1
85341,85341_PV.wav,1
85341,85341_TV.wav,1
14998,14998_AV.wav,2
14998,14998_MV.wav,2
14998,14998_PV.wav,2
14998,14998_TV.wav,2
2530,2530_AV.wav,2
2530,2530_MV.wav,2
2530,2530_PV.wav,2
2530,2530_TV.wav,2
29378,29378_AV.wav,2
29378,29378_MV.wav,2
36327,36327_AV.wav,2
36327,36327_MV.wav,2
36327,36327_PV.wav,2
36327,36327_TV.wav,2
47002,47002_AV.wav,2
47002,47002_MV.wav,2
49568,49568_AV.wav,2
49568,49568_MV.wav,2
49568,49568_PV.wav,2
49568,49568_TV.wav,2
49704,49704_AV.wav,2
49704,49704_MV.wav,2
49712,49712_AV.wav,2
49712,49712_MV.wav,2
49712,49712_PV.wav,2
49712,49712_TV.wav,2
49745,49745_AV.wav,2
49745,49745_MV.wav,2
49745,49745_PV.wav,2
49745,49745_TV.wav,2
49896,49896_AV.wav,2
49896,49896_MV.wav,2
49896,49896_PV.wav,2
49896,49896_TV.wav,2
49900,49900_AV.wav,2
49900,49900_MV.wav,2
49946,49946_MV.wav,2
49946,49946_PV.wav,2
49946,49946_TV.wav,2
49983,49983_AV.wav,2
49983,49983_MV.wav,2
49983,49983_PV.wav,2
49983,49983_TV.wav,2
49989,49989_MV.wav,2
49989,49989_PV.wav,2
50017,50017_AV.wav,2
50017,50017_MV.wav,2
50017,50017_PV.wav,2
50017,50017_TV.wav,2
50085,50085_AV.wav,2
50085,50085_MV.wav,2
50085,50085_PV.wav,2
50085,50085_TV.wav,2
50100,50100_AV.wav,2
50100,50100_MV.wav,2
50168,50168_MV.wav,2
50168,50168_PV.wav,2
50168,50168_TV.wav,2
50214,50214_AV.wav,2
50214,50214_MV.wav,2
50222,50222_PV.wav,2
50222,50222_TV.wav,2
50225,50225_AV.wav,2
50225,50225_MV.wav,2
50225,50225_PV.wav,2
50225,50225_TV.wav,2
50254,50254_AV.wav,2
50254,50254_MV.wav,2
50254,50254_PV.wav,2
50254,50254_TV.wav,2
50255,50255_AV.wav,2
50255,50255_MV.wav,2
50276,50276_AV.wav,2
50276,50276_MV.wav,2
50276,50276_PV.wav,2
50276,50276_TV.wav,2
50297,50297_AV.wav,2
50297,50297_MV.wav,2
50297,50297_PV.wav,2
50297,50297_TV.wav,2
50345,50345_MV.wav,2
50345,50345_PV.wav,2
50345,50345_TV.wav,2
50359,50359_AV.wav,2
50359,50359_MV.wav,2
50359,50359_PV.wav,2
50359,50359_TV.wav,2
50385,50385_AV.wav,2
50385,50385_MV.wav,2
50385,50385_PV.wav,2
50385,50385_TV.wav,2
50393,50393_AV.wav,2
50393,50393_MV.wav,2
50393,50393_PV.wav,2
50393,50393_TV.wav,2
50620,50620_PV.wav,2
50620,50620_TV.wav,2
50636,50636_AV.wav,2
50636,50636_MV.wav,2
50639,50639_PV.wav,2
50639,50639_TV.wav,2
50645,50645_AV.wav,2
50645,50645_MV.wav,2
50645,50645_PV.wav,2
50645,50645_TV.wav,2
50646,50646_AV.wav,2
50646,50646_MV.wav,2
50649,50649_AV.wav,2
50649,50649_MV.wav,2
50649,50649_PV.wav,2
50649,50649_TV.wav,2
50654,50654_AV.wav,2
50654,50654_PV.wav,2
50654,50654_TV.wav,2
50656,50656_AV.wav,2
50656,50656_MV.wav,2
50656,50656_PV.wav,2
50656,50656_TV_1.wav,2
50656,50656_TV_2.wav,2
50677,50677_AV.wav,2
50677,50677_PV.wav,2
50704,50704_AV.wav,2
50704,50704_MV.wav,2
50715,50715_AV.wav,2
50715,50715_MV.wav,2
50715,50715_PV.wav,2
50715,50715_TV.wav,2
50723,50723_AV.wav,2
50723,50723_MV.wav,2
50723,50723_PV.wav,2
50723,50723_TV.wav,2
50735,50735_AV.wav,2
50735,50735_MV.wav,2
50735,50735_PV.wav,2
50735,50735_TV.wav,2
50740,50740_AV.wav,2
50740,50740_MV.wav,2
50740,50740_PV.wav,2
50740,50740_TV.wav,2
50771,50771_AV.wav,2
50771,50771_MV.wav,2
50771,50771_PV.wav,2
50771,50771_TV.wav,2
50793,50793_MV.wav,2
50793,50793_PV.wav,2
50793,50793_TV.wav,2
50812,50812_AV.wav,2
50812,50812_MV.wav,2
50812,50812_PV.wav,2
50812,50812_TV.wav,2
50815,50815_AV.wav,2
50815,50815_MV.wav,2
50815,50815_PV.wav,2
50815,50815_TV.wav,2
51064,51064_MV.wav,2
59536,59536_AV.wav,2
59536,59536_MV.wav,2
68213,68213_AV.wav,2
68213,68213_MV.wav,2
68213,68213_PV.wav,2
68213,68213_TV.wav,2
68219,68219_AV.wav,2
68219,68219_MV.wav,2
68219,68219_PV.wav,2
68219,68219_TV.wav,2
68260,68260_AV.wav,2
68260,68260_MV.wav,2
68260,68260_PV.wav,2
68260,68260_TV.wav,2
68292,68292_AV.wav,2
68292,68292_MV.wav,2
68292,68292_PV.wav,2
68292,68292_TV.wav,2
68316,68316_AV.wav,2
68316,68316_MV.wav,2
68316,68316_PV.wav,2
68316,68316_TV.wav,2
68444,68444_AV.wav,2
68444,68444_MV.wav,2
68444,68444_PV.wav,2
68444,68444_TV.wav,2
68504,68504_AV.wav,2
68504,68504_MV.wav,2
68504,68504_PV.wav,2
68504,68504_TV.wav,2
68556,68556_AV.wav,2
68556,68556_MV.wav,2
68576,68576_AV.wav,2
68576,68576_MV.wav,2
68698,68698_AV.wav,2
68698,68698_MV.wav,2
68698,68698_PV.wav,2
68698,68698_TV.wav,2
68827,68827_AV.wav,2
68827,68827_PV.wav,2
68827,68827_TV.wav,2
69120,69120_AV.wav,2
69120,69120_MV.wav,2
69120,69120_PV.wav,2
69120,69120_TV.wav,2
69174,69174_AV.wav,2
69174,69174_MV.wav,2
69174,69174_PV.wav,2
69174,69174_TV.wav,2
69176,69176_AV.wav,2
69176,69176_MV.wav,2
69176,69176_PV.wav,2
69176,69176_TV.wav,2
72288,72288_PV.wav,2
84689,84689_AV.wav,2
84689,84689_MV.wav,2
84689,84689_PV.wav,2
84689,84689_TV.wav,2
84711,84711_AV.wav,2
84711,84711_MV.wav,2
84711,84711_PV.wav,2
84711,84711_TV.wav,2
84736,84736_AV.wav,2
84736,84736_MV.wav,2
84761,84761_AV.wav,2
84761,84761_MV.wav,2
84761,84761_PV.wav,2
84761,84761_TV.wav,2
84776,84776_AV.wav,2
84776,84776_MV.wav,2
84776,84776_PV.wav,2
84776,84776_TV.wav,2
84778,84778_AV.wav,2
84778,84778_MV.wav,2
84778,84778_PV.wav,2
84778,84778_TV.wav,2
84852,84852_AV.wav,2
84852,84852_MV.wav,2
84852,84852_PV.wav,2
84852,84852_TV.wav,2
84881,84881_AV.wav,2
84881,84881_MV.wav,2
84881,84881_PV.wav,2
84881,84881_TV.wav,2
84922,84922_AV.wav,2
84922,84922_MV.wav,2
84973,84973_AV.wav,2
84973,84973_MV.wav,2
84973,84973_PV.wav,2
84973,84973_TV.wav,2
85002,85002_AV.wav,2
85002,85002_MV.wav,2
85002,85002_PV.wav,2
85002,85002_TV.wav,2
85024,85024_AV.wav,2
85024,85024_MV.wav,2
85024,85024_PV.wav,2
85024,85024_TV.wav,2
85048,85048_AV.wav,2
85048,85048_MV.wav,2
85048,85048_PV.wav,2
85048,85048_TV.wav,2
85105,85105_PV.wav,2
85105,85105_TV.wav,2
85128,85128_AV.wav,2
85128,85128_MV.wav,2
85128,85128_PV.wav,2
85128,85128_TV.wav,2
85136,85136_AV.wav,2
85136,85136_MV.wav,2
85136,85136_PV.wav,2
85136,85136_TV.wav,2
85143,85143_AV.wav,2
85143,85143_MV.wav,2
85143,85143_PV.wav,2
85143,85143_TV.wav,2
85151,85151_AV.wav,2
85151,85151_MV.wav,2
85151,85151_PV.wav,2
85151,85151_TV.wav,2
85167,85167_PV.wav,2
85167,85167_TV.wav,2
85176,85176_AV.wav,2
85176,85176_MV.wav,2
85176,85176_PV.wav,2
85176,85176_TV.wav,2
85196,85196_AV.wav,2
85196,85196_MV.wav,2
85196,85196_PV.wav,2
85196,85196_TV.wav,2
85199,85199_AV.wav,2
85199,85199_PV.wav,2
85214,85214_AV.wav,2
85214,85214_MV.wav,2
85214,85214_PV.wav,2
85214,85214_TV.wav,2
85222,85222_AV.wav,2
85222,85222_PV.wav,2
85222,85222_TV.wav,2
85241,85241_AV.wav,2
85241,85241_MV.wav,2
85241,85241_PV.wav,2
85241,85241_TV.wav,2
85270,85270_AV.wav,2
85270,85270_MV.wav,2
85270,85270_PV.wav,2
85270,85270_TV.wav,2
85279,85279_AV.wav,2
85279,85279_MV.wav,2
85279,85279_PV.wav,2
85279,85279_TV.wav,2
85286,85286_AV.wav,2
85286,85286_MV.wav,2
85286,85286_PV.wav,2
85286,85286_TV.wav,2
85313,85313_MV.wav,2
85313,85313_PV.wav,2
85313,85313_TV.wav,2
85319,85319_AV.wav,2
85319,85319_MV.wav,2
85319,85319_PV.wav,2
85319,85319_TV.wav,2
13918,13918_AV.wav,3
13918,13918_MV.wav,3
13918,13918_PV.wav,3
13918,13918_TV.wav,3
29045,29045_AV.wav,3
29045,29045_MV.wav,3
29045,29045_PV.wav,3
29045,29045_TV.wav,3
39043,39043_AV.wav,3
39043,39043_MV.wav,3
39043,39043_PV.wav,3
39043,39043_TV.wav,3
43852,43852_AV.wav,3
43852,43852_MV.wav,3
43852,43852_PV.wav,3
43852,43852_TV.wav,3
46778,46778_MV.wav,3
49562,49562_AV.wav,3
49562,49562_MV.wav,3
49562,49562_PV.wav,3
49562,49562_TV.wav,3
49628,49628_AV.wav,3
49628,49628_MV.wav,3
49628,49628_PV.wav,3
49628,49628_TV.wav,3
49683,49683_AV.wav,3
49683,49683_MV.wav,3
49683,49683_PV.wav,3
49683,49683_TV.wav,3
49719,49719_AV.wav,3
49719,49719_MV.wav,3
49719,49719_PV.wav,3
49719,49719_TV.wav,3
49751,49751_AV.wav,3
49751,49751_MV.wav,3
49751,49751_PV.wav,3
49751,49751_TV.wav,3
49829,49829_AV.wav,3
49829,49829_MV.wav,3
49829,49829_PV.wav,3
49829,49829_TV.wav,3
49842,49842_AV.wav,3
49842,49842_MV.wav,3
49842,49842_PV.wav,3
49842,49842_TV.wav,3
49931,49931_AV.wav,3
49931,49931_PV.wav,3
49931,49931_TV.wav,3
49968,49968_MV.wav,3
49968,49968_PV.wav,3
49968,49968_TV.wav,3
50001,50001_AV.wav,3
50001,50001_MV.wav,3
50001,50001_PV.wav,3
50001,50001_TV.wav,3
50049,50049_AV.wav,3
50049,50049_MV.wav,3
50049,50049_PV.wav,3
50049,50049_TV.wav,3
50053,50053_AV.wav,3
50053,50053_PV.wav,3
50053,50053_TV.wav,3
50054,50054_AV.wav,3
50054,50054_MV.wav,3
50054,50054_PV.wav,3
50054,50054_TV.wav,3
50057,50057_MV.wav,3
50057,50057_PV.wav,3
50057,50057_TV.wav,3
50072,50072_MV.wav,3
50072,50072_PV.wav,3
50072,50072_TV.wav,3
50077,50077_MV.wav,3
50078,50078_AV.wav,3
50078,50078_MV.wav,3
50078,50078_PV.wav,3
50078,50078_TV.wav,3
50117,50117_MV.wav,3
50117,50117_PV.wav,3
50117,50117_TV.wav,3
50123,50123_MV.wav,3
50127,50127_AV.wav,3
50127,50127_MV.wav,3
50127,50127_PV.wav,3
50127,50127_TV.wav,3
50128,50128_AV.wav,3
50128,50128_MV.wav,3
50128,50128_PV.wav,3
50128,50128_TV.wav,3
50143,50143_PV.wav,3
50143,50143_TV.wav,3
50150,50150_AV.wav,3
50150,50150_MV.wav,3
50150,50150_PV.wav,3
50150,50150_TV.wav,3
50164,50164_MV.wav,3
50164,50164_PV.wav,3
50164,50164_TV.wav,3
50241,50241_MV.wav,3
50264,50264_AV.wav,3
50264,50264_MV.wav,3
50321,50321_AV_1.wav,3
50321,50321_AV_2.wav,3
50321,50321_MV_1.wav,3
50321,50321_MV_2.wav,3
50334,50334_AV.wav,3
50334,50334_MV.wav,3
50334,50334_PV.wav,3
50334,50334_TV.wav,3
50336,50336_MV.wav,3
50336,50336_PV.wav,3
50336,50336_TV.wav,3
50342,50342_AV.wav,3
50342,50342_MV.wav,3
50354,50354_AV.wav,3
50354,50354_MV.wav,3
50354,50354_PV.wav,3
50354,50354_TV.wav,3
50386,50386_AV.wav,3
50386,50386_MV.wav,3
50386,50386_PV.wav,3
50386,50386_TV.wav,3
50388,50388_AV.wav,3
50388,50388_MV.wav,3
50388,50388_PV.wav,3
50388,50388_TV.wav,3
50624,50624_AV.wav,3
50624,50624_MV.wav,3
50624,50624_PV.wav,3
50624,50624_TV.wav,3
50626,50626_AV.wav,3
50626,50626_MV.wav,3
50690,50690_AV.wav,3
50690,50690_MV_1.wav,3
50690,50690_MV_2.wav,3
50690,50690_PV.wav,3
50690,50690_TV.wav,3
50708,50708_AV.wav,3
50708,50708_MV.wav,3
50708,50708_PV.wav,3
50708,50708_TV.wav,3
50727,50727_AV.wav,3
50727,50727_MV.wav,3
50731,50731_MV.wav,3
50731,50731_PV.wav,3
50731,50731_TV.wav,3
50732,50732_AV.wav,3
50732,50732_MV.wav,3
50732,50732_PV.wav,3
50732,50732_TV.wav,3
50737,50737_MV.wav,3
50737,50737_PV.wav,3
50737,50737_TV.wav,3
50738,50738_AV.wav,3
50738,50738_MV.wav,3
50738,50738_PV.wav,3
50738,50738_TV.wav,3
50742,50742_AV.wav,3
50742,50742_MV.wav,3
50742,50742_PV.wav,3
50742,50742_TV.wav,3
50747,50747_AV.wav,3
50747,50747_MV.wav,3
50747,50747_PV.wav,3
50747,50747_TV.wav,3
50782,50782_AV_1.wav,3
50782,50782_AV_2.wav,3
50782,50782_MV_1.wav,3
50782,50782_MV_2.wav,3
50782,50782_PV.wav,3
50782,50782_TV.wav,3
50798,50798_AV.wav,3
50798,50798_MV.wav,3
50798,50798_PV.wav,3
50798,50798_TV.wav,3
50829,50829_AV.wav,3
50829,50829_MV.wav,3
50829,50829_PV.wav,3
68175,68175_AV.wav,3
68175,68175_MV.wav,3
68175,68175_PV.wav,3
68175,68175_TV.wav,3
68379,68379_AV.wav,3
68379,68379_MV.wav,3
68379,68379_PV.wav,3
68379,68379_TV.wav,3
68545,68545_AV.wav,3
68545,68545_MV.wav,3
68545,68545_PV.wav,3
68545,68545_TV.wav,3
68659,68659_AV.wav,3
68659,68659_MV.wav,3
68659,68659_PV.wav,3
68659,68659_TV.wav,3
68741,68741_AV.wav,3
68741,68741_MV.wav,3
68741,68741_PV.wav,3
68741,68741_TV.wav,3
68874,68874_AV.wav,3
68874,68874_MV.wav,3
68874,68874_PV.wav,3
68874,68874_TV.wav,3
68888,68888_AV.wav,3
68888,68888_MV.wav,3
68888,68888_PV.wav,3
68888,68888_TV.wav,3
69095,69095_AV.wav,3
69095,69095_MV.wav,3
69095,69095_PV.wav,3
69095,69095_TV.wav,3
69096,69096_AV.wav,3
69096,69096_MV.wav,3
69096,69096_PV.wav,3
69096,69096_TV.wav,3
69129,69129_AV.wav,3
69129,69129_MV.wav,3
69129,69129_PV.wav,3
69129,69129_TV.wav,3
70280,70280_AV.wav,3
70280,70280_MV.wav,3
84692,84692_AV.wav,3
84692,84692_MV.wav,3
84692,84692_PV.wav,3
84692,84692_TV.wav,3
84732,84732_AV.wav,3
84732,84732_MV.wav,3
84733,84733_AV.wav,3
84733,84733_MV.wav,3
84733,84733_PV.wav,3
84733,84733_TV.wav,3
84738,84738_AV.wav,3
84738,84738_MV.wav,3
84738,84738_PV.wav,3
84738,84738_TV.wav,3
84746,84746_PV.wav,3
84765,84765_AV.wav,3
84765,84765_MV.wav,3
84765,84765_PV.wav,3
84765,84765_TV.wav,3
84796,84796_AV.wav,3
84796,84796_MV.wav,3
84853,84853_AV.wav,3
84853,84853_MV.wav,3
84853,84853_PV.wav,3
84853,84853_TV.wav,3
84864,84864_AV.wav,3
84864,84864_MV.wav,3
84864,84864_PV.wav,3
84864,84864_TV.wav,3
84878,84878_AV.wav,3
84878,84878_MV.wav,3
84878,84878_PV.wav,3
84878,84878_TV.wav,3
84974,84974_AV.wav,3
84974,84974_MV.wav,3
84974,84974_PV.wav,3
84974,84974_TV.wav,3
84986,84986_AV.wav,3
84986,84986_MV.wav,3
84986,84986_PV.wav,3
84986,84986_TV.wav,3
85018,85018_AV.wav,3
85018,85018_MV.wav,3
85027,85027_AV.wav,3
85027,85027_MV.wav,3
85027,85027_PV.wav,3
85027,85027_TV.wav,3
85038,85038_AV.wav,3
85038,85038_MV.wav,3
85038,85038_PV.wav,3
85038,85038_TV.wav,3
85091,85091_AV.wav,3
85091,85091_MV.wav,3
85165,85165_AV.wav,3
85165,85165_MV.wav,3
85169,85169_AV.wav,3
85169,85169_MV.wav,3
85169,85169_PV.wav,3
85169,85169_TV.wav,3
85182,85182_AV.wav,3
85182,85182_MV.wav,3
85182,85182_PV.wav,3
85182,85182_TV.wav,3
85210,85210_AV.wav,3
85210,85210_MV.wav,3
85210,85210_PV.wav,3
85210,85210_TV.wav,3
85217,85217_AV.wav,3
85217,85217_MV.wav,3
85217,85217_PV.wav,3
85217,85217_TV.wav,3
85225,85225_AV.wav,3
85225,85225_MV.wav,3
85225,85225_PV.wav,3
85225,85225_TV.wav,3
85226,85226_MV.wav,3
85226,85226_PV.wav,3
85226,85226_TV.wav,3
85229,85229_MV.wav,3
85229,85229_PV.wav,3
85229,85229_TV.wav,3
85246,85246_AV.wav,3
85246,85246_MV.wav,3
85246,85246_PV.wav,3
85246,85246_TV.wav,3
85259,85259_AV.wav,3
85259,85259_MV.wav,3
85315,85315_AV.wav,3
85315,85315_MV.wav,3
85315,85315_PV.wav,3
85315,85315_TV.wav,3
85332,85332_AV.wav,3
85332,85332_PV.wav,3
85337,85337_AV.wav,3
85337,85337_MV.wav,3
85337,85337_PV.wav,3
85337,85337_TV.wav,3
85340,85340_AV.wav,3
85340,85340_MV.wav,3
85340,85340_PV.wav,3
85340,85340_TV.wav,3
9979,9979_AV.wav,3
9979,9979_MV.wav,3
9979,9979_PV.wav,3
9979,9979_TV.wav,3
23625,23625_AV.wav,4
23625,23625_MV.wav,4
23625,23625_PV.wav,4
23625,23625_TV.wav,4
33151,33151_AV.wav,4
33151,33151_MV.wav,4
33151,33151_PV.wav,4
33151,33151_TV.wav,4
38337,38337_AV.wav,4
38337,38337_MV.wav,4
40058,40058_AV.wav,4
40058,40058_MV.wav,4
40058,40058_PV.wav,4
40058,40058_TV.wav,4
46532,46532_AV.wav,4
49630,49630_AV.wav,4
49630,49630_MV.wav,4
49630,49630_PV.wav,4
49630,49630_TV.wav,4
49631,49631_AV.wav,4
49631,49631_MV.wav,4
49850,49850_AV.wav,4
49850,49850_MV.wav,4
49966,49966_MV.wav,4
49970,49970_AV.wav,4
49970,49970_MV.wav,4
49978,49978_PV.wav,4
49988,49988_AV.wav,4
49988,49988_MV.wav,4
49988,49988_PV.wav,4
49988,49988_TV.wav,4
49994,49994_AV.wav,4
49994,49994_MV.wav,4
49994,49994_PV.wav,4
49994,49994_TV.wav,4
50008,50008_AV.wav,4
50008,50008_MV.wav,4
50008,50008_PV.wav,4
50008,50008_TV.wav,4
50009,50009_AV.wav,4
50116,50116_AV.wav,4
50116,50116_MV.wav,4
50116,50116_PV.wav,4
50116,50116_TV.wav,4
50121,50121_PV.wav,4
50121,50121_TV.wav,4
50136,50136_AV.wav,4
50136,50136_MV.wav,4
50137,50137_MV.wav,4
50137,50137_PV.wav,4
50137,50137_TV.wav,4
50138,50138_AV.wav,4
50138,50138_MV.wav,4
50141,50141_AV.wav,4
50145,50145_MV.wav,4
50244,50244_AV.wav,4
50244,50244_MV.wav,4
50244,50244_PV.wav,4
50244,50244_TV.wav,4
50247,50247_AV.wav,4
50247,50247_MV.wav,4
50247,50247_PV.wav,4
50248,50248_TV.wav,4
50295,50295_AV.wav,4
50295,50295_MV.wav,4
50295,50295_PV.wav,4
50295,50295_TV.wav,4
50296,50296_AV.wav,4
50296,50296_MV.wav,4
50296,50296_PV.wav,4
50296,50296_TV.wav,4
50306,50306_AV.wav,4
50306,50306_MV.wav,4
50306,50306_PV.wav,4
50306,50306_TV.wav,4
50311,50311_MV.wav,4
50311,50311_PV.wav,4
50311,50311_TV.wav,4
50665,50665_PV.wav,4
50665,50665_TV.wav,4
50673,50673_AV.wav,4
50673,50673_MV.wav,4
50673,50673_PV.wav,4
50673,50673_TV.wav,4
50687,50687_AV.wav,4
50687,50687_MV.wav,4
50687,50687_PV.wav,4
50687,50687_TV.wav,4
50688,50688_AV.wav,4
50688,50688_MV.wav,4
50688,50688_PV.wav,4
50688,50688_TV.wav,4
50693,50693_AV.wav,4
50693,50693_MV.wav,4
50693,50693_PV.wav,4
50693,50693_TV.wav,4
50734,50734_AV.wav,4
50734,50734_MV.wav,4
50734,50734_PV.wav,4
50734,50734_Phc.wav,4
50734,50734_TV.wav,4
50748,50748_AV.wav,4
50748,50748_MV.wav,4
50757,50757_AV.wav,4
50757,50757_MV.wav,4
50757,50757_PV.wav,4
50757,50757_TV.wav,4
50772,50772_AV.wav,4
50772,50772_MV.wav,4
50772,50772_PV.wav,4
50787,50787_MV.wav,4
50790,50790_AV.wav,4
50790,50790_MV.wav,4
50795,50795_AV.wav,4
50795,50795_MV.wav,4
50796,50796_MV.wav,4
50796,50796_PV.wav,4
50796,50796_TV.wav,4
50822,50822_AV.wav,4
50822,50822_MV.wav,4
50822,50822_PV.wav,4
50822,50822_TV.wav,4
57706,57706_AV.wav,4
57706,57706_MV.wav,4
57706,57706_PV.wav,4
57706,57706_TV.wav,4
68186,68186_AV.wav,4
68186,68186_MV.wav,4
68186,68186_PV.wav,4
68186,68186_TV.wav,4
68204,68204_AV.wav,4
68204,68204_MV.wav,4
68204,68204_PV.wav,4
68204,68204_TV.wav,4
68222,68222_AV.wav,4
68222,68222_MV.wav,4
68222,68222_PV.wav,4
68222,68222_TV.wav,4
68255,68255_AV.wav,4
68255,68255_MV.wav,4
68255,68255_PV.wav,4
68255,68255_TV.wav,4
68427,68427_AV.wav,4
68427,68427_MV.wav,4
68427,68427_PV.wav,4
68427,68427_TV.wav,4
68432,68432_AV.wav,4
68432,68432_MV.wav,4
68432,68432_PV.wav,4
68432,68432_TV.wav,4
68449,68449_AV.wav,4
68449,68449_PV.wav,4
68449,68449_TV.wav,4
68560,68560_AV.wav,4
68560,68560_MV.wav,4
68560,68560_PV.wav,4
68560,68560_TV.wav,4
68711,68711_AV.wav,4
68711,68711_MV.wav,4
68711,68711_PV.wav,4
68711,68711_TV.wav,4
69079,69079_AV.wav,4
69079,69079_MV.wav,4
69079,69079_PV.wav,4
69079,69079_TV.wav,4
69106,69106_AV.wav,4
69106,69106_MV.wav,4
69106,69106_PV.wav,4
69106,69106_TV.wav,4
69141,69141_AV.wav,4
69141,69141_MV.wav,4
69141,69141_PV.wav,4
69141,69141_TV.wav,4
69152,69152_AV.wav,4
69152,69152_MV.wav,4
69152,69152_PV.wav,4
69152,69152_TV.wav,4
73316,73316_AV.wav,4
73316,73316_MV.wav,4
73316,73316_PV.wav,4
73316,73316_TV.wav,4
76758,76758_MV.wav,4
80348,80348_AV.wav,4
80348,80348_MV.wav,4
80348,80348_PV.wav,4
80348,80348_TV.wav,4
84690,84690_MV.wav,4
84690,84690_Phc.wav,4
84690,84690_TV.wav,4
84695,84695_AV.wav,4
84695,84695_MV.wav,4
84695,84695_PV.wav,4
84695,84695_TV.wav,4
84706,84706_AV.wav,4
84706,84706_MV.wav,4
84706,84706_PV.wav,4
84706,84706_TV.wav,4
84734,84734_AV.wav,4
84734,84734_MV.wav,4
84734,84734_PV.wav,4
84734,84734_TV.wav,4
84786,84786_AV.wav,4
84786,84786_MV.wav,4
84786,84786_PV.wav,4
84799,84799_AV.wav,4
84799,84799_MV.wav,4
84799,84799_PV.wav,4
84799,84799_TV.wav,4
84803,84803_AV.wav,4
84803,84803_MV.wav,4
84803,84803_PV.wav,4
84803,84803_TV.wav,4
84807,84807_AV.wav,4
84807,84807_MV.wav,4
84823,84823_AV.wav,4
84823,84823_MV.wav,4
84823,84823_PV.wav,4
84823,84823_TV.wav,4
84854,84854_AV.wav,4
84854,84854_MV.wav,4
84854,84854_PV.wav,4
84854,84854_TV.wav,4
84865,84865_AV.wav,4
84865,84865_MV.wav,4
84865,84865_PV.wav,4
84865,84865_TV.wav,4
84866,84866_AV.wav,4
84866,84866_MV.wav,4
84866,84866_PV.wav,4
84866,84866_TV.wav,4
84886,84886_PV.wav,4
84900,84900_AV.wav,4
84900,84900_MV.wav,4
84952,84952_AV.wav,4
84952,84952_PV.wav,4
84952,84952_TV.wav,4
84957,84957_AV.wav,4
84957,84957_MV.wav,4
84957,84957_PV.wav,4
84957,84957_TV.wav,4
84960,84960_AV.wav,4
84960,84960_MV.wav,4
84960,84960_PV.wav,4
84960,84960_TV.wav,4
85023,85023_AV.wav,4
85023,85023_MV.wav,4
85023,85023_PV.wav,4
85023,85023_TV.wav,4
85028,85028_AV.wav,4
85028,85028_MV.wav,4
85028,85028_PV.wav,4
85028,85028_TV.wav,4
85030,85030_AV.wav,4
85030,85030_MV.wav,4
85030,85030_PV.wav,4
85030,85030_TV.wav,4
85064,85064_AV.wav,4
85064,85064_MV.wav,4
85064,85064_PV.wav,4
85064,85064_TV.wav,4
85127,85127_AV.wav,4
85127,85127_MV.wav,4
85127,85127_PV.wav,4
85127,85127_TV.wav,4
85147,85147_AV.wav,4
85147,85147_MV.wav,4
85147,85147_PV.wav,4
85147,85147_TV.wav,4
85153,85153_AV.wav,4
85153,85153_PV.wav,4
85154,85154_AV.wav,4
85154,85154_MV.wav,4
85154,85154_PV.wav,4
85154,85154_TV.wav,4
85159,85159_AV.wav,4
85159,85159_MV.wav,4
85172,85172_AV.wav,4
85172,85172_MV.wav,4
85172,85172_PV.wav,4
85172,85172_TV.wav,4
85219,85219_AV.wav,4
85219,85219_MV.wav,4
85219,85219_PV.wav,4
85219,85219_TV.wav,4
85227,85227_AV.wav,4
85227,85227_MV.wav,4
85227,85227_PV.wav,4
85227,85227_TV.wav,4
85240,85240_AV.wav,4
85240,85240_PV.wav,4
85240,85240_TV.wav,4
85294,85294_AV.wav,4
85294,85294_MV.wav,4
85316,85316_AV.wav,4
85316,85316_MV.wav,4
85316,85316_PV.wav,4
85316,85316_TV.wav,4
85328,85328_AV.wav,4
85328,85328_MV.wav,4
85328,85328_PV.wav,4
85328,85328_TV.wav,4
85335,85335_AV.wav,4
85335,85335_PV.wav,4
85335,85335_TV.wav,4
40840,40840_AV.wav,5
40840,40840_MV.wav,5
40840,40840_PV.wav,5
40840,40840_TV.wav,5
44514,44514_AV.wav,5
44514,44514_MV.wav,5
44514,44514_PV.wav,5
44514,44514_TV.wav,5
49618,49618_AV.wav,5
49618,49618_MV.wav,5
49653,49653_AV.wav,5
49653,49653_MV.wav,5
49653,49653_PV.wav,5
49653,49653_TV.wav,5
49678,49678_AV.wav,5
49678,49678_MV.wav,5
49678,49678_PV.wav,5
49678,49678_TV.wav,5
49729,49729_AV.wav,5
49729,49729_MV.wav,5
49729,49729_PV.wav,5
49729,49729_TV.wav,5
49824,49824_AV.wav,5
49824,49824_MV.wav,5
49824,49824_PV.wav,5
49853,49853_AV.wav,5
49853,49853_MV.wav,5
49853,49853_PV.wav,5
49853,49853_TV.wav,5
49963,49963_AV.wav,5
49963,49963_MV.wav,5
49963,49963_PV.wav,5
49963,49963_TV.wav,5
49974,49974_AV.wav,5
49974,49974_MV.wav,5
49974,49974_PV.wav,5
49974,49974_TV.wav,5
50014,50014_AV.wav,5
50014,50014_MV.wav,5
50014,50014_PV.wav,5
50014,50014_TV.wav,5
50015,50015_AV.wav,5
50015,50015_MV.wav,5
50015,50015_PV.wav,5
50015,50015_TV.wav,5
50030,50030_MV.wav,5
50030,50030_PV.wav,5
50030,50030_TV.wav,5
50032,50032_PV.wav,5
50032,50032_TV_1.wav,5
50032,50032_TV_2.wav,5
50034,50034_AV.wav,5
50034,50034_MV.wav,5
50037,50037_AV.wav,5
50037,50037_MV.wav,5
50075,50075_AV.wav,5
50075,50075_MV.wav,5
50086,50086_MV.wav,5
50086,50086_PV.wav,5
50086,50086_TV.wav,5
50096,50096_AV.wav,5
50096,50096_MV.wav,5
50096,50096_PV.wav,5
50096,50096_TV.wav,5
50099,50099_MV.wav,5
50099,50099_PV.wav,5
50099,50099_TV.wav,5
50133,50133_MV.wav,5
50149,50149_MV.wav,5
50149,50149_PV.wav,5
50153,50153_AV.wav,5
50153,50153_MV.wav,5
50166,50166_MV.wav,5
50213,50213_AV.wav,5
50213,50213_MV.wav,5
50213,50213_PV.wav,5
50213,50213_TV.wav,5
50272,50272_AV.wav,5
50272,50272_MV.wav,5
50272,50272_PV.wav,5
50272,50272_TV.wav,5
50273,50273_AV.wav,5
50273,50273_MV.wav,5
50273,50273_PV.wav,5
50273,50273_TV.wav,5
50275,50275_AV.wav,5
50275,50275_MV.wav,5
50275,50275_PV.wav,5
50275,50275_TV.wav,5
50285,50285_MV.wav,5
50319,50319_AV.wav,5
50319,50319_MV.wav,5
50319,50319_PV.wav,5
50319,50319_TV.wav,5
50327,50327_AV.wav,5
50327,50327_MV.wav,5
50327,50327_PV.wav,5
50327,50327_TV.wav,5
50332,50332_AV.wav,5
50332,50332_MV.wav,5
50341,50341_AV.wav,5
50341,50341_MV.wav,5
50352,50352_AV.wav,5
50352,50352_PV.wav,5
50352,50352_TV.wav,5
50375,50375_AV.wav,5
50375,50375_MV.wav,5
50384,50384_AV.wav,5
50384,50384_MV.wav,5
50384,50384_PV.wav,5
50384,50384_TV.wav,5
50635,50635_AV.wav,5
50635,50635_MV.wav,5
50635,50635_PV.wav,5
50635,50635_TV.wav,5
50658,50658_AV.wav,5
50658,50658_MV.wav,5
50658,50658_PV.wav,5
50658,50658_TV.wav,5
50699,50699_AV.wav,5
50699,50699_MV.wav,5
50699,50699_PV.wav,5
50699,50699_TV.wav,5
50722,50722_MV.wav,5
50722,50722_PV.wav,5
50722,50722_TV.wav,5
50729,50729_AV.wav,5
50729,50729_MV.wav,5
50749,50749_AV.wav,5
50749,50749_MV.wav,5
50749,50749_PV.wav,5
50749,50749_TV.wav,5
50800,50800_AV.wav,5
50800,50800_MV.wav,5
50800,50800_PV.wav,5
50800,50800_TV.wav,5
50819,50819_AV.wav,5
50819,50819_MV.wav,5
50819,50819_PV.wav,5
50819,50819_TV.wav,5
68269,68269_PV.wav,5
68269,68269_TV.wav,5
68330,68330_TV.wav,5
68347,68347_AV.wav,5
68347,68347_MV.wav,5
68347,68347_PV.wav,5
68347,68347_TV.wav,5
68359,68359_AV.wav,5
68359,68359_MV.wav,5
68359,68359_PV.wav,5
68359,68359_TV.wav,5
68377,68377_AV.wav,5
68377,68377_MV.wav,5
68377,68377_PV.wav,5
68377,68377_TV.wav,5
68460,68460_AV.wav,5
68460,68460_MV.wav,5
68460,68460_PV.wav,5
68460,68460_TV.wav,5
68477,68477_AV.wav,5
68477,68477_MV.wav,5
68477,68477_PV.wav,5
68477,68477_TV.wav,5
68582,68582_AV.wav,5
68582,68582_MV.wav,5
68582,68582_PV.wav,5
68582,68582_TV.wav,5
68624,68624_AV.wav,5
68624,68624_MV.wav,5
68624,68624_PV.wav,5
68624,68624_TV.wav,5
68705,68705_AV.wav,5
68705,68705_MV.wav,5
68705,68705_PV.wav,5
68705,68705_TV.wav,5
68864,68864_MV.wav,5
68864,68864_PV.wav,5
68864,68864_TV.wav,5
68908,68908_MV.wav,5
68908,68908_PV.wav,5
68908,68908_TV.wav,5
69147,69147_AV.wav,5
69147,69147_MV.wav,5
69147,69147_PV.wav,5
69147,69147_TV.wav,5
69188,69188_AV.wav,5
69188,69188_MV.wav,5
69188,69188_PV.wav,5
69188,69188_TV.wav,5
78582,78582_AV.wav,5
78582,78582_MV.wav,5
84702,84702_MV.wav,5
84702,84702_PV.wav,5
84702,84702_TV.wav,5
84710,84710_AV.wav,5
84710,84710_MV.wav,5
84710,84710_PV.wav,5
84710,84710_TV.wav,5
84713,84713_AV.wav,5
84713,84713_PV.wav,5
84713,84713_TV.wav,5
84716,84716_AV.wav,5
84716,84716_MV.wav,5
84716,84716_PV.wav,5
84716,84716_TV.wav,5
84721,84721_AV.wav,5
84721,84721_MV.wav,5
84721,84721_PV.wav,5
84721,84721_TV.wav,5
84725,84725_MV.wav,5
84725,84725_PV.wav,5
84725,84725_TV.wav,5
84731,84731_MV.wav,5
84793,84793_AV.wav,5
84793,84793_MV.wav,5
84793,84793_PV.wav,5
84793,84793_TV.wav,5
84804,84804_MV.wav,5
84805,84805_AV.wav,5
84805,84805_MV.wav,5
84805,84805_PV.wav,5
84805,84805_TV.wav,5
84838,84838_AV.wav,5
84838,84838_MV.wav,5
84838,84838_PV.wav,5
84838,84838_TV.wav,5
84839,84839_AV.wav,5
84839,84839_MV.wav,5
84839,84839_PV.wav,5
84839,84839_TV.wav,5
84912,84912_AV.wav,5
84912,84912_MV.wav,5
84912,84912_PV.wav,5
84912,84912_TV.wav,5
84920,84920_AV.wav,5
84920,84920_MV.wav,5
84920,84920_PV.wav,5
84920,84920_TV.wav,5
84928,84928_AV.wav,5
84928,84928_MV.wav,5
84928,84928_PV.wav,5
84928,84928_TV.wav,5
84987,84987_AV.wav,5
84987,84987_MV.wav,5
84987,84987_PV.wav,5
84987,84987_TV.wav,5
85000,85000_AV.wav,5
85000,85000_MV.wav,5
85000,85000_PV.wav,5
85000,85000_TV.wav,5
85011,85011_AV.wav,5
85011,85011_MV.wav,5
85031,85031_AV.wav,5
85031,85031_MV.wav,5
85031,85031_PV.wav,5
85031,85031_TV.wav,5
85036,85036_AV.wav,5
85036,85036_MV.wav,5
85036,85036_PV.wav,5
85036,85036_TV.wav,5
85037,85037_AV.wav,5
85037,85037_MV.wav,5
85037,85037_PV.wav,5
85037,85037_TV.wav,5
85055,85055_AV.wav,5
85055,85055_PV.wav,5
85055,85055_TV.wav,5
85079,85079_AV.wav,5
85079,85079_MV.wav,5
85079,85079_PV.wav,5
85079,85079_TV.wav,5
85086,85086_AV.wav,5
85086,85086_MV.wav,5
85086,85086_PV.wav,5
85086,85086_TV.wav,5
85087,85087_AV.wav,5
85087,85087_MV.wav,5
85087,85087_PV.wav,5
85087,85087_TV.wav,5
85090,85090_MV.wav,5
85090,85090_PV.wav,5
85090,85090_TV.wav,5
85093,85093_AV.wav,5
85093,85093_MV.wav,5
85093,85093_PV.wav,5
85093,85093_TV.wav,5
85112,85112_AV.wav,5
85112,85112_MV.wav,5
85112,85112_PV.wav,5
85112,85112_TV.wav,5
85122,85122_AV.wav,5
85122,85122_MV.wav,5
85122,85122_PV.wav,5
85122,85122_TV.wav,5
85203,85203_AV.wav,5
85203,85203_MV.wav,5
85264,85264_MV.wav,5
85300,85300_AV.wav,5
85300,85300_MV.wav,5
85322,85322_TV.wav,5
85327,85327_AV.wav,5
85327,85327_MV.wav,5
85327,85327_PV.wav,5
85327,85327_TV.wav,5
9983,9983_AV.wav,5
9983,9983_MV.wav,5
9983,9983_PV.wav,5
9983,9983_TV.wav,5
31737,31737_AV.wav,6
31737,31737_MV.wav,6
31737,31737_PV.wav,6
31737,31737_TV.wav,6
40798,40798_AV.wav,6
40798,40798_MV.wav,6
40798,40798_PV.wav,6
40798,40798_TV.wav,6
49558,49558_AV.wav,6
49558,49558_MV.wav,6
49607,49607_MV.wav,6
49610,49610_AV.wav,6
49610,49610_MV.wav,6
49610,49610_PV.wav,6
49610,49610_TV.wav,6
49641,49641_AV.wav,6
49641,49641_MV.wav,6
49641,49641_PV.wav,6
49641,49641_TV.wav,6
49661,49661_AV.wav,6
49661,49661_MV.wav,6
49691,49691_AV.wav,6
49691,49691_MV.wav,6
49691,49691_PV.wav,6
49691,49691_TV.wav,6
49993,49993_AV.wav,6
49993,49993_MV.wav,6
49993,49993_PV.wav,6
49993,49993_TV.wav,6
50006,50006_AV.wav,6
50006,50006_MV.wav,6
50012,50012_MV.wav,6
50018,50018_AV.wav,6
50018,50018_MV.wav,6
50089,50089_AV.wav,6
50089,50089_PV.wav,6
50089,50089_TV.wav,6
50092,50092_AV.wav,6
50092,50092_MV.wav,6
50092,50092_PV.wav,6
50092,50092_TV.wav,6
50094,50094_MV.wav,6
50094,50094_PV.wav,6
50094,50094_TV.wav,6
50104,50104_AV.wav,6
50104,50104_MV.wav,6
50104,50104_PV.wav,6
50104,50104_TV.wav,6
50115,50115_AV.wav,6
50115,50115_MV.wav,6
50115,50115_PV_1.wav,6
50115,50115_PV_2.wav,6
50115,50115_TV_1.wav,6
50115,50115_TV_2.wav,6
50126,50126_AV.wav,6
50126,50126_MV.wav,6
50126,50126_PV.wav,6
50126,50126_TV.wav,6
50142,50142_AV.wav,6
50142,50142_MV.wav,6
50159,50159_MV.wav,6
50159,50159_PV.wav,6
50159,50159_TV.wav,6
50165,50165_AV.wav,6
50165,50165_MV.wav,6
50165,50165_PV.wav,6
50218,50218_AV.wav,6
50218,50218_MV.wav,6
50218,50218_PV.wav,6
50218,50218_TV.wav,6
50250,50250_AV.wav,6
50250,50250_MV.wav,6
50250,50250_PV.wav,6
50250,50250_TV_1.wav,6
50250,50250_TV_2.wav,6
50251,50251_AV.wav,6
50251,50251_MV.wav,6
50256,50256_AV.wav,6
50256,50256_MV.wav,6
50256,50256_PV.wav,6
50256,50256_TV.wav,6
50300,50300_AV.wav,6
50300,50300_MV.wav,6
50304,50304_PV.wav,6
50318,50318_AV.wav,6
50318,50318_MV.wav,6
50318,50318_PV.wav,6
50318,50318_TV.wav,6
50350,50350_AV.wav,6
50350,50350_MV.wav,6
50350,50350_PV.wav,6
50350,50350_TV.wav,6
50621,50621_PV.wav,6
50628,50628_AV.wav,6
50628,50628_MV.wav,6
50631,50631_AV.wav,6
50631,50631_MV.wav,6
50661,50661_AV.wav,6
50661,50661_MV.wav,6
50743,50743_AV_1.wav,6
50743,50743_AV_2.wav,6
50743,50743_AV_3.wav,6
50743,50743_MV.wav,6
50756,50756_AV.wav,6
50756,50756_MV.wav,6
50756,50756_PV.wav,6
50756,50756_TV.wav,6
50807,50807_AV.wav,6
50807,50807_MV.wav,6
50807,50807_PV.wav,6
50807,50807_TV.wav,6
55945,55945_AV.wav,6
55945,55945_MV.wav,6
55945,55945_PV.wav,6
55945,55945_TV.wav,6
61610,61610_AV.wav,6
61610,61610_MV.wav,6
61610,61610_PV.wav,6
61610,61610_TV.wav,6
63581,63581_AV.wav,6
63581,63581_MV.wav,6
63581,63581_PV.wav,6
63581,63581_TV.wav,6
68298,68298_AV.wav,6
68298,68298_MV.wav,6
68394,68394_MV.wav,6
68394,68394_PV.wav,6
68456,68456_AV.wav,6
68456,68456_MV.wav,6
68456,68456_PV.wav,6
68456,68456_TV.wav,6
68532,68532_AV.wav,6
68532,68532_MV.wav,6
68532,68532_PV.wav,6
68532,68532_TV.wav,6
68755,68755_AV.wav,6
68755,68755_MV.wav,6
68755,68755_PV.wav,6
68755,68755_TV.wav,6
68861,68861_AV.wav,6
68861,68861_MV.wav,6
68861,68861_PV.wav,6
68861,68861_TV.wav,6
68887,68887_AV.wav,6
68887,68887_MV.wav,6
68887,68887_TV.wav,6
68895,68895_AV.wav,6
68895,68895_MV.wav,6
68895,68895_PV.wav,6
68895,68895_TV.wav,6
84693,84693_AV.wav,6
84693,84693_MV.wav,6
84693,84693_PV.wav,6
84693,84693_TV.wav,6
84708,84708_AV.wav,6
84708,84708_MV.wav,6
84718,84718_AV.wav,6
84718,84718_MV.wav,6
84718,84718_PV.wav,6
84718,84718_TV.wav,6
84755,84755_MV.wav,6
84764,84764_AV.wav,6
84764,84764_MV.wav,6
84764,84764_PV.wav,6
84764,84764_TV.wav,6
84768,84768_PV.wav,6
84768,84768_TV.wav,6
84769,84769_MV.wav,6
84769,84769_PV.wav,6
84779,84779_AV.wav,6
84779,84779_MV.wav,6
84779,84779_PV.wav,6
84779,84779_TV.wav,6
84780,84780_AV.wav,6
84780,84780_MV.wav,6
84780,84780_PV.wav,6
84780,84780_TV.wav,6
84814,84814_AV.wav,6
84814,84814_PV.wav,6
84824,84824_AV.wav,6
84824,84824_MV.wav,6
84855,84855_MV.wav,6
84855,84855_PV.wav,6
84855,84855_TV.wav,6
84857,84857_AV.wav,6
84857,84857_MV.wav,6
84868,84868_AV.wav,6
84868,84868_MV.wav,6
84868,84868_PV.wav,6
84868,84868_TV.wav,6
84874,84874_AV.wav,6
84874,84874_MV.wav,6
84874,84874_PV.wav,6
84874,84874_TV.wav,6
84875,84875_PV.wav,6
84875,84875_TV.wav,6
84883,84883_AV.wav,6
84883,84883_MV.wav,6
84883,84883_PV.wav,6
84883,84883_TV.wav,6
84942,84942_AV.wav,6
84942,84942_PV.wav,6
84942,84942_TV.wav,6
84950,84950_AV.wav,6
84950,84950_PV.wav,6
84950,84950_TV.wav,6
84961,84961_AV.wav,6
84961,84961_MV.wav,6
84961,84961_PV.wav,6
84961,84961_TV.wav,6
84965,84965_AV.wav,6
84965,84965_MV.wav,6
84965,84965_PV.wav,6
84965,84965_TV.wav,6
84966,84966_AV.wav,6
84966,84966_PV.wav,6
84991,84991_AV.wav,6
84991,84991_MV.wav,6
84991,84991_PV.wav,6
84991,84991_TV.wav,6
84993,84993_AV.wav,6
84993,84993_MV.wav,6
84993,84993_PV.wav,6
84993,84993_TV.wav,6
85026,85026_AV.wav,6
85026,85026_MV.wav,6
85029,85029_AV.wav,6
85029,85029_MV.wav,6
85029,85029_PV.wav,6
85029,85029_TV.wav,6
85035,85035_AV.wav,6
85035,85035_MV.wav,6
85035,85035_PV.wav,6
85035,85035_TV.wav,6
85063,85063_MV.wav,6
85080,85080_AV.wav,6
85080,85080_MV.wav,6
85080,85080_PV.wav,6
85080,85080_TV.wav,6
85103,85103_AV.wav,6
85103,85103_PV.wav,6
85103,85103_TV.wav,6
85113,85113_AV.wav,6
85113,85113_MV.wav,6
85113,85113_PV.wav,6
85113,85113_TV.wav,6
85116,85116_AV.wav,6
85116,85116_MV.wav,6
85116,85116_PV.wav,6
85116,85116_TV.wav,6
85132,85132_AV.wav,6
85132,85132_MV.wav,6
85132,85132_PV.wav,6
85132,85132_TV.wav,6
85161,85161_AV.wav,6
85161,85161_MV.wav,6
85161,85161_PV.wav,6
85161,85161_TV.wav,6
85198,85198_AV.wav,6
85198,85198_MV.wav,6
85198,85198_PV.wav,6
85198,85198_TV.wav,6
85247,85247_AV.wav,6
85247,85247_MV.wav,6
85247,85247_PV.wav,6
85247,85247_TV.wav,6
85250,85250_AV.wav,6
85250,85250_MV.wav,6
85250,85250_PV.wav,6
85250,85250_TV.wav,6
85258,85258_AV.wav,6
85258,85258_MV.wav,6
85258,85258_PV.wav,6
85258,85258_TV.wav,6
85269,85269_AV.wav,6
85269,85269_PV.wav,6
85278,85278_AV.wav,6
85278,85278_MV.wav,6
85278,85278_PV.wav,6
85278,85278_TV.wav,6
85296,85296_AV.wav,6
85296,85296_MV.wav,6
85296,85296_PV.wav,6
85296,85296_TV.wav,6
85299,85299_AV.wav,6
85299,85299_MV.wav,6
85299,85299_PV.wav,6
85299,85299_TV.wav,6
85301,85301_AV.wav,6
85301,85301_MV.wav,6
85301,85301_PV.wav,6
85301,85301_TV.wav,6
85305,85305_AV.wav,6
85305,85305_MV.wav,6
85305,85305_PV.wav,6
85305,85305_TV.wav,6
85306,85306_AV.wav,6
85306,85306_MV.wav,6
85308,85308_AV.wav,6
85308,85308_MV.wav,6
85308,85308_PV.wav,6
85308,85308_TV.wav,6
85329,85329_AV.wav,6
85329,85329_MV.wav,6
85329,85329_PV.wav,6
85329,85329_TV.wav,6
50007,50007_AV.wav,7
50007,50007_MV.wav,7
50007,50007_PV.wav,7
50007,50007_TV.wav,7
50027,50027_AV.wav,7
50027,50027_MV.wav,7
50029,50029_AV.wav,7
50029,50029_MV.wav,7
50029,50029_PV.wav,7
50029,50029_TV.wav,7
50047,50047_MV.wav,7
50047,50047_PV.wav,7
50047,50047_TV.wav,7
50076,50076_AV.wav,7
50076,50076_MV.wav,7
50076,50076_PV.wav,7
50076,50076_TV.wav,7
50079,50079_AV.wav,7
50079,50079_PV.wav,7
50079,50079_TV.wav,7
50080,50080_AV.wav,7
50080,50080_MV.wav,7
50080,50080_PV.wav,7
50080,50080_TV.wav,7
50146,50146_MV.wav,7
50151,50151_PV.wav,7
50174,50174_AV.wav,7
50174,50174_MV.wav,7
50174,50174_PV.wav,7
50174,50174_TV.wav,7
50210,50210_AV.wav,7
50210,50210_MV_1.wav,7
50210,50210_MV_2.wav,7
50210,50210_PV.wav,7
50210,50210_TV.wav,7
50239,50239_AV.wav,7
50239,50239_MV.wav,7
50239,50239_PV.wav,7
50239,50239_TV.wav,7
50249,50249_AV_1.wav,7
50249,50249_AV_2.wav,7
50249,50249_MV.wav,7
50261,50261_AV.wav,7
50261,50261_MV.wav,7
50261,50261_PV.wav,7
50261,50261_TV.wav,7
50263,50263_AV.wav,7
50263,50263_MV.wav,7
50263,50263_PV.wav,7
50263,50263_TV_1.wav,7
50263,50263_TV_2.wav,7
50289,50289_AV.wav,7
50289,50289_MV.wav,7
50289,50289_PV.wav,7
50289,50289_TV.wav,7
50312,50312_AV.wav,7
50312,50312_MV.wav,7
50312,50312_PV.wav,7
50312,50312_TV.wav,7
50326,50326_AV.wav,7
50326,50326_MV.wav,7
50326,50326_PV.wav,7
50326,50326_TV.wav,7
50343,50343_AV.wav,7
50343,50343_MV.wav,7
50343,50343_PV.wav,7
50343,50343_TV.wav,7
50349,50349_AV.wav,7
50349,50349_MV.wav,7
50349,50349_PV.wav,7
50349,50349_TV.wav,7
50391,50391_MV.wav,7
50391,50391_PV.wav,7
50391,50391_TV.wav,7
50655,50655_AV.wav,7
50655,50655_MV.wav,7
50667,50667_AV.wav,7
50667,50667_MV.wav,7
50667,50667_PV.wav,7
50667,50667_TV.wav,7
50720,50720_AV.wav,7
50720,50720_MV.wav,7
50721,50721_AV.wav,7
50721,50721_MV.wav,7
50721,50721_PV.wav,7
50721,50721_TV.wav,7
50736,50736_AV.wav,7
50736,50736_PV.wav,7
50736,50736_TV.wav,7
50754,50754_AV.wav,7
50754,50754_MV.wav,7
50754,50754_PV.wav,7
50754,50754_TV.wav,7
50758,50758_AV.wav,7
50758,50758_MV.wav,7
50758,50758_PV.wav,7
50758,50758_TV.wav,7
50773,50773_AV.wav,7
50773,50773_MV.wav,7
50773,50773_PV.wav,7
50773,50773_TV.wav,7
50776,50776_PV.wav,7
50802,50802_AV.wav,7
50802,50802_MV.wav,7
50802,50802_PV.wav,7
50802,50802_TV_1.wav,7
50802,50802_TV_2.wav,7
50805,50805_MV.wav,7
50805,50805_PV.wav,7
50805,50805_TV.wav,7
50826,50826_AV.wav,7
50826,50826_MV.wav,7
50826,50826_PV.wav,7
50826,50826_TV.wav,7
57700,57700_MV.wav,7
57700,57700_PV.wav,7
57700,57700_TV.wav,7
68303,68303_AV.wav,7
68303,68303_MV.wav,7
68303,68303_PV.wav,7
68303,68303_TV.wav,7
68318,68318_AV.wav,7
68318,68318_MV.wav,7
68318,68318_PV.wav,7
68318,68318_TV.wav,7
68431,68431_AV.wav,7
68431,68431_MV.wav,7
68431,68431_PV.wav,7
68431,68431_TV.wav,7
68470,68470_MV.wav,7
68470,68470_TV.wav,7
68632,68632_AV.wav,7
68632,68632_PV.wav,7
68632,68632_TV.wav,7
68708,68708_AV.wav,7
68708,68708_MV.wav,7
68708,68708_PV.wav,7
68708,68708_TV.wav,7
68757,68757_AV.wav,7
68757,68757_PV.wav,7
68757,68757_TV.wav,7
68849,68849_AV.wav,7
68849,68849_MV.wav,7
68849,68849_PV.wav,7
68849,68849_TV.wav,7
74417,74417_AV.wav,7
74417,74417_MV.wav,7
74417,74417_PV.wav,7
74417,74417_TV.wav,7
78280,78280_AV.wav,7
78280,78280_MV.wav,7
84751,84751_AV.wav,7
84751,84751_MV.wav,7
84751,84751_PV.wav,7
84751,84751_TV.wav,7
84753,84753_AV.wav,7
84753,84753_MV.wav,7
84753,84753_PV.wav,7
84753,84753_TV.wav,7
84754,84754_AV.wav,7
84754,84754_MV.wav,7
84754,84754_TV.wav,7
84775,84775_AV.wav,7
84775,84775_MV.wav,7
84775,84775_PV.wav,7
84775,84775_TV.wav,7
84784,84784_AV.wav,7
84784,84784_MV.wav,7
84790,84790_AV.wav,7
84802,84802_AV.wav,7
84802,84802_MV.wav,7
84802,84802_PV.wav,7
84802,84802_TV.wav,7
84808,84808_AV.wav,7
84808,84808_MV.wav,7
84808,84808_PV.wav,7
84808,84808_TV.wav,7
84813,84813_AV.wav,7
84813,84813_MV.wav,7
84813,84813_PV.wav,7
84813,84813_TV.wav,7
84815,84815_AV.wav,7
84815,84815_MV.wav,7
84815,84815_PV.wav,7
84815,84815_TV.wav,7
84826,84826_AV.wav,7
84826,84826_MV.wav,7
84826,84826_PV.wav,7
84826,84826_TV.wav,7
84834,84834_AV.wav,7
84834,84834_MV.wav,7
84834,84834_PV.wav,7
84834,84834_TV.wav,7
84856,84856_AV.wav,7
84856,84856_MV.wav,7
84856,84856_PV.wav,7
84856,84856_TV.wav,7
84876,84876_AV.wav,7
84876,84876_MV.wav,7
84882,84882_AV.wav,7
84882,84882_MV.wav,7
84882,84882_PV.wav,7
84882,84882_TV.wav,7
84884,84884_AV.wav,7
84884,84884_MV.wav,7
84884,84884_PV.wav,7
84884,84884_TV.wav,7
84919,84919_PV.wav,7
84919,84919_TV.wav,7
84923,84923_AV.wav,7
84923,84923_MV.wav,7
84923,84923_PV.wav,7
84923,84923_TV.wav,7
84946,84946_AV.wav,7
84946,84946_MV.wav,7
84946,84946_PV.wav,7
84946,84946_TV.wav,7
84949,84949_AV.wav,7
84949,84949_MV.wav,7
84949,84949_PV.wav,7
84949,84949_TV.wav,7
84962,84962_AV.wav,7
84962,84962_MV.wav,7
84962,84962_PV.wav,7
84962,84962_TV.wav,7
84971,84971_MV.wav,7
84971,84971_PV.wav,7
84971,84971_TV.wav,7
84976,84976_AV.wav,7
84976,84976_MV.wav,7
84976,84976_PV.wav,7
84976,84976_TV.wav,7
84996,84996_AV.wav,7
84996,84996_MV.wav,7
84996,84996_PV.wav,7
84996,84996_TV.wav,7
85012,85012_AV.wav,7
85012,85012_MV.wav,7
85012,85012_PV.wav,7
85012,85012_TV.wav,7
85034,85034_AV.wav,7
85034,85034_MV.wav,7
85094,85094_AV.wav,7
85094,85094_MV.wav,7
85094,85094_PV.wav,7
85094,85094_TV.wav,7
85096,85096_AV.wav,7
85096,85096_MV.wav,7
85096,85096_PV.wav,7
85096,85096_TV.wav,7
85100,85100_AV.wav,7
85100,85100_PV.wav,7
85102,85102_AV.wav,7
85102,85102_MV.wav,7
85102,85102_PV.wav,7
85102,85102_TV.wav,7
85108,85108_AV.wav,7
85108,85108_MV.wav,7
85108,85108_PV.wav,7
85108,85108_TV.wav,7
85115,85115_AV.wav,7
85115,85115_MV.wav,7
85115,85115_PV.wav,7
85115,85115_TV.wav,7
85118,85118_AV.wav,7
85118,85118_MV.wav,7
85118,85118_PV.wav,7
85118,85118_TV.wav,7
85162,85162_AV.wav,7
85162,85162_MV.wav,7
85162,85162_PV.wav,7
85162,85162_TV.wav,7
85163,85163_AV.wav,7
85163,85163_MV.wav,7
85163,85163_PV.wav,7
85163,85163_TV.wav,7
85175,85175_AV.wav,7
85175,85175_MV.wav,7
85175,85175_PV.wav,7
85175,85175_TV.wav,7
85186,85186_AV.wav,7
85186,85186_PV.wav,7
85186,85186_TV.wav,7
85207,85207_AV.wav,7
85207,85207_MV.wav,7
85207,85207_PV.wav,7
85207,85207_TV.wav,7
85216,85216_AV.wav,7
85216,85216_MV.wav,7
85216,85216_PV.wav,7
85216,85216_TV.wav,7
85234,85234_AV.wav,7
85234,85234_MV.wav,7
85234,85234_PV.wav,7
85234,85234_TV.wav,7
85236,85236_AV.wav,7
85236,85236_MV.wav,7
85236,85236_PV.wav,7
85236,85236_TV.wav,7
85252,85252_AV.wav,7
85252,85252_MV.wav,7
85252,85252_PV.wav,7
85252,85252_TV.wav,7
85276,85276_MV.wav,7
85277,85277_AV.wav,7
85277,85277_MV.wav,7
85277,85277_PV.wav,7
85277,85277_TV.wav,7
85285,85285_AV.wav,7
85285,85285_MV.wav,7
85285,85285_PV.wav,7
85285,85285_TV.wav,7
85293,85293_AV.wav,7
85293,85293_MV.wav,7
85293,85293_PV.wav,7
85293,85293_TV.wav,7
85312,85312_AV.wav,7
85312,85312_MV.wav,7
85312,85312_PV.wav,7
85312,85312_TV.wav,7
85326,85326_AV.wav,7
85326,85326_MV.wav,7
85326,85326_PV.wav,7
85326,85326_TV.wav,7
85334,85334_AV.wav,7
85334,85334_MV.wav,7
85334,85334_PV.wav,7
85334,85334_TV.wav,7
85349,85349_AV.wav,7
85349,85349_PV.wav,7
85349,85349_TV.wav,7
24160,24160_AV.wav,8
24160,24160_MV.wav,8
24160,24160_PV.wav,8
24160,24160_TV.wav,8
39456,39456_MV.wav,8
39456,39456_PV.wav,8
39456,39456_TV.wav,8
49561,49561_AV.wav,8
49561,49561_MV.wav,8
49561,49561_PV.wav,8
49561,49561_TV.wav,8
49577,49577_AV.wav,8
49577,49577_MV.wav,8
49577,49577_PV.wav,8
49577,49577_TV.wav,8
49598,49598_AV.wav,8
49598,49598_MV.wav,8
49627,49627_AV.wav,8
49627,49627_MV.wav,8
49627,49627_PV.wav,8
49627,49627_TV.wav,8
49659,49659_AV.wav,8
49659,49659_MV.wav,8
49659,49659_PV.wav,8
49659,49659_TV.wav,8
49687,49687_AV.wav,8
49687,49687_MV.wav,8
49687,49687_PV.wav,8
49687,49687_TV.wav,8
49754,49754_AV.wav,8
49754,49754_MV.wav,8
49754,49754_PV.wav,8
49754,49754_TV.wav,8
49776,49776_AV.wav,8
49776,49776_MV.wav,8
49952,49952_AV.wav,8
49952,49952_MV_1.wav,8
49952,49952_MV_2.wav,8
49952,49952_PV.wav,8
49952,49952_TV.wav,8
49979,49979_MV.wav,8
49986,49986_AV.wav,8
49986,49986_MV.wav,8
50043,50043_AV.wav,8
50043,50043_PV.wav,8
50043,50043_TV.wav,8
50056,50056_AV.wav,8
50056,50056_MV.wav,8
50056,50056_PV.wav,8
50056,50056_TV.wav,8
50067,50067_MV.wav,8
50067,50067_PV.wav,8
50067,50067_TV.wav,8
50103,50103_AV.wav,8
50103,50103_MV.wav,8
50103,50103_PV.wav,8
50103,50103_TV.wav,8
50109,50109_AV.wav,8
50109,50109_MV.wav,8
50109,50109_PV.wav,8
50109,50109_TV.wav,8
50125,50125_MV.wav,8
50125,50125_PV.wav,8
50125,50125_TV.wav,8
50152,50152_AV.wav,8
50152,50152_MV.wav,8
50207,50207_AV.wav,8
50207,50207_MV.wav,8
50217,50217_AV.wav,8
50217,50217_PV.wav,8
50231,50231_AV.wav,8
50231,50231_MV.wav,8
50231,50231_PV.wav,8
50231,50231_TV.wav,8
50233,50233_AV.wav,8
50233,50233_MV.wav,8
50233,50233_PV.wav,8
50233,50233_TV.wav,8
50258,50258_MV.wav,8
50258,50258_PV.wav,8
50258,50258_TV.wav,8
50277,50277_AV.wav,8
50277,50277_MV.wav,8
50277,50277_PV.wav,8
50277,50277_TV.wav,8
50280,50280_AV.wav,8
50280,50280_PV.wav,8
50280,50280_TV.wav,8
50298,50298_MV.wav,8
50298,50298_PV.wav,8
50298,50298_TV.wav,8
50330,50330_AV.wav,8
50330,50330_MV.wav,8
50379,50379_AV.wav,8
50379,50379_MV.wav,8
50379,50379_PV.wav,8
50379,50379_TV.wav,8
50619,50619_AV.wav,8
50619,50619_MV.wav,8
50619,50619_PV.wav,8
50619,50619_TV.wav,8
50689,50689_AV.wav,8
50689,50689_MV.wav,8
50689,50689_PV.wav,8
50689,50689_TV.wav,8
50763,50763_AV.wav,8
50763,50763_MV.wav,8
50763,50763_PV.wav,8
50763,50763_TV.wav,8
50766,50766_AV.wav,8
50766,50766_MV.wav,8
50766,50766_PV.wav,8
50766,50766_TV.wav,8
50788,50788_AV.wav,8
50788,50788_MV.wav,8
50788,50788_PV.wav,8
50788,50788_TV.wav,8
50789,50789_AV.wav,8
50789,50789_MV.wav,8
50789,50789_PV.wav,8
50789,50789_TV.wav,8
50797,50797_AV.wav,8
50797,50797_MV.wav,8
50797,50797_PV.wav,8
50797,50797_TV.wav,8
50818,50818_AV.wav,8
50818,50818_MV.wav,8
50818,50818_PV.wav,8
50818,50818_TV.wav,8
61117,61117_AV.wav,8
61117,61117_MV.wav,8
61117,61117_PV.wav,8
61117,61117_TV.wav,8
68406,68406_AV.wav,8
68406,68406_MV.wav,8
68406,68406_PV.wav,8
68406,68406_TV.wav,8
68423,68423_AV.wav,8
68423,68423_MV.wav,8
68423,68423_PV.wav,8
68423,68423_TV.wav,8
68425,68425_AV.wav,8
68425,68425_MV.wav,8
68425,68425_PV.wav,8
68425,68425_TV.wav,8
68465,68465_AV.wav,8
68465,68465_MV.wav,8
68465,68465_PV.wav,8
68465,68465_TV.wav,8
68646,68646_AV.wav,8
68646,68646_MV.wav,8
68646,68646_PV.wav,8
68646,68646_TV.wav,8
68682,68682_AV.wav,8
68682,68682_MV.wav,8
68682,68682_PV.wav,8
68682,68682_TV.wav,8
68737,68737_AV.wav,8
68737,68737_MV.wav,8
68737,68737_PV.wav,8
68737,68737_TV.wav,8
68752,68752_AV.wav,8
68752,68752_MV.wav,8
68752,68752_PV.wav,8
68752,68752_TV.wav,8
68909,68909_AV.wav,8
68909,68909_MV.wav,8
68909,68909_PV.wav,8
68909,68909_TV.wav,8
69067,69067_AV.wav,8
69067,69067_MV.wav,8
69067,69067_PV.wav,8
69067,69067_TV.wav,8
69159,69159_AV.wav,8
69159,69159_MV.wav,8
69159,69159_PV.wav,8
69159,69159_TV.wav,8
72283,72283_MV.wav,8
72283,72283_PV.wav,8
72283,72283_TV.wav,8
76240,76240_AV.wav,8
76240,76240_MV.wav,8
76240,76240_PV.wav,8
76240,76240_TV.wav,8
81638,81638_AV.wav,8
81638,81638_MV.wav,8
84696,84696_AV.wav,8
84696,84696_MV.wav,8
84696,84696_PV.wav,8
84696,84696_TV.wav,8
84697,84697_AV.wav,8
84697,84697_MV.wav,8
84697,84697_PV.wav,8
84697,84697_TV.wav,8
84704,84704_PV.wav,8
84730,84730_AV.wav,8
84730,84730_MV.wav,8
84730,84730_PV.wav,8
84730,84730_TV.wav,8
84760,84760_MV.wav,8
84760,84760_PV.wav,8
84760,84760_TV.wav,8
84822,84822_AV.wav,8
84822,84822_MV.wav,8
84822,84822_PV.wav,8
84822,84822_TV.wav,8
84831,84831_AV.wav,8
84831,84831_MV.wav,8
84831,84831_PV.wav,8
84831,84831_TV.wav,8
84851,84851_AV.wav,8
84851,84851_MV.wav,8
84851,84851_PV.wav,8
84851,84851_TV.wav,8
84879,84879_AV.wav,8
84879,84879_MV.wav,8
84879,84879_PV.wav,8
84879,84879_TV.wav,8
84892,84892_AV.wav,8
84892,84892_MV.wav,8
84892,84892_PV.wav,8
84918,84918_PV.wav,8
84931,84931_AV.wav,8
84931,84931_MV.wav,8
84931,84931_PV.wav,8
84931,84931_TV.wav,8
84935,84935_AV.wav,8
84935,84935_MV.wav,8
84935,84935_PV.wav,8
84935,84935_TV.wav,8
84970,84970_AV.wav,8
84970,84970_MV.wav,8
84977,84977_AV.wav,8
84977,84977_MV.wav,8
84977,84977_PV.wav,8
84977,84977_TV.wav,8
84978,84978_AV.wav,8
84978,84978_MV.wav,8
84978,84978_PV.wav,8
84978,84978_TV.wav,8
84982,84982_AV.wav,8
84982,84982_MV.wav,8
84982,84982_PV.wav,8
84982,84982_TV.wav,8
84983,84983_MV.wav,8
84983,84983_PV.wav,8
84983,84983_TV.wav,8
84990,84990_AV.wav,8
84990,84990_MV.wav,8
84990,84990_PV.wav,8
84990,84990_TV.wav,8
84995,84995_AV.wav,8
84995,84995_MV.wav,8
85004,85004_MV.wav,8
85020,85020_AV.wav,8
85020,85020_MV.wav,8
85020,85020_PV.wav,8
85020,85020_TV.wav,8
85042,85042_AV.wav,8
85042,85042_MV.wav,8
85042,85042_PV.wav,8
85042,85042_TV.wav,8
85046,85046_AV.wav,8
85046,85046_MV.wav,8
85046,85046_PV.wav,8
85046,85046_TV.wav,8
85052,85052_MV.wav,8
85052,85052_PV.wav,8
85052,85052_TV.wav,8
85062,85062_AV.wav,8
85062,85062_MV.wav,8
85062,85062_PV.wav,8
85062,85062_TV.wav,8
85077,85077_AV.wav,8
85077,85077_MV.wav,8
85077,85077_PV.wav,8
85077,85077_TV.wav,8
85099,85099_AV.wav,8
85099,85099_MV.wav,8
85099,85099_PV.wav,8
85099,85099_TV.wav,8
85109,85109_AV.wav,8
85109,85109_MV.wav,8
85109,85109_PV.wav,8
85109,85109_TV.wav,8
85110,85110_AV.wav,8
85110,85110_MV.wav,8
85110,85110_PV.wav,8
85110,85110_TV.wav,8
85121,85121_AV.wav,8
85121,85121_MV.wav,8
85121,85121_PV.wav,8
85121,85121_TV.wav,8
85131,85131_AV.wav,8
85131,85131_MV.wav,8
85131,85131_PV.wav,8
85131,85131_TV.wav,8
85134,85134_AV.wav,8
85134,85134_MV.wav,8
85134,85134_PV.wav,8
85134,85134_TV.wav,8
85150,85150_AV.wav,8
85150,85150_PV.wav,8
85152,85152_AV.wav,8
85152,85152_MV.wav,8
85152,85152_PV.wav,8
85152,85152_TV.wav,8
85164,85164_AV.wav,8
85164,85164_MV.wav,8
85164,85164_PV.wav,8
85164,85164_TV.wav,8
85174,85174_AV.wav,8
85174,85174_MV.wav,8
85174,85174_PV.wav,8
85174,85174_TV.wav,8
85253,85253_AV.wav,8
85253,85253_MV.wav,8
85253,85253_PV.wav,8
85253,85253_TV.wav,8
85282,85282_AV.wav,8
85282,85282_MV.wav,8
85282,85282_PV.wav,8
85282,85282_TV.wav,8
85317,85317_AV.wav,8
85345,85345_AV.wav,8
85345,85345_PV.wav,8
14241,14241_AV.wav,9
14241,14241_MV.wav,9
14241,14241_PV.wav,9
14241,14241_TV.wav,9
39403,39403_AV.wav,9
39403,39403_MV.wav,9
39403,39403_PV.wav,9
39403,39403_TV.wav,9
45843,45843_AV.wav,9
45843,45843_MV.wav,9
45843,45843_PV.wav,9
45843,45843_TV.wav,9
46065,46065_AV.wav,9
46065,46065_MV.wav,9
46065,46065_PV.wav,9
46065,46065_TV.wav,9
49595,49595_AV.wav,9
49595,49595_MV.wav,9
49735,49735_MV.wav,9
49735,49735_PV.wav,9
49735,49735_TV.wav,9
49838,49838_MV.wav,9
49897,49897_AV.wav,9
49897,49897_MV.wav,9
49897,49897_PV.wav,9
49897,49897_TV.wav,9
49960,49960_AV.wav,9
49960,49960_MV.wav,9
49960,49960_PV.wav,9
49960,49960_TV.wav,9
49969,49969_MV.wav,9
49987,49987_AV.wav,9
49987,49987_MV.wav,9
49990,49990_AV.wav,9
49990,49990_MV.wav,9
49990,49990_PV.wav,9
49990,49990_TV.wav,9
49995,49995_AV.wav,9
49995,49995_MV.wav,9
49995,49995_PV.wav,9
49995,49995_TV.wav,9
49998,49998_MV.wav,9
49998,49998_PV.wav,9
49998,49998_TV.wav,9
50026,50026_AV.wav,9
50026,50026_MV.wav,9
50048,50048_MV.wav,9
50048,50048_PV.wav,9
50048,50048_TV.wav,9
50111,50111_AV.wav,9
50111,50111_MV.wav,9
50111,50111_PV.wav,9
50111,50111_TV.wav,9
50113,50113_AV.wav,9
50113,50113_MV.wav,9
50113,50113_PV.wav,9
50113,50113_TV.wav,9
50119,50119_PV.wav,9
50155,50155_AV.wav,9
50155,50155_PV.wav,9
50155,50155_TV.wav,9
50160,50160_MV.wav,9
50160,50160_PV.wav,9
50160,50160_TV.wav,9
50209,50209_AV.wav,9
50209,50209_MV.wav,9
50209,50209_PV.wav,9
50209,50209_TV.wav,9
50216,50216_AV.wav,9
50216,50216_MV.wav,9
50216,50216_PV.wav,9
50216,50216_Phc_1.wav,9
50216,50216_Phc_2.wav,9
50229,50229_AV.wav,9
50229,50229_MV.wav,9
50229,50229_PV.wav,9
50229,50229_TV.wav,9
50278,50278_AV.wav,9
50278,50278_MV.wav,9
50278,50278_PV.wav,9
50278,50278_TV.wav,9
50281,50281_MV.wav,9
50281,50281_PV.wav,9
50281,50281_TV.wav,9
50299,50299_AV.wav,9
50299,50299_MV.wav,9
50299,50299_PV.wav,9
50299,50299_TV.wav,9
50331,50331_AV.wav,9
50331,50331_MV.wav,9
50331,50331_PV.wav,9
50331,50331_TV.wav,9
50335,50335_AV.wav,9
50335,50335_MV.wav,9
50339,50339_AV.wav,9
50339,50339_MV.wav,9
50339,50339_PV.wav,9
50339,50339_TV.wav,9
50641,50641_MV.wav,9
50641,50641_PV.wav,9
50641,50641_TV.wav,9
50647,50647_AV.wav,9
50647,50647_MV.wav,9
50647,50647_PV.wav,9
50647,50647_TV.wav,9
50652,50652_AV.wav,9
50652,50652_MV.wav,9
50676,50676_AV.wav,9
50676,50676_MV.wav,9
50676,50676_PV.wav,9
50676,50676_TV.wav,9
50691,50691_AV.wav,9
50691,50691_MV.wav,9
50691,50691_PV.wav,9
50691,50691_TV.wav,9
50707,50707_AV.wav,9
50707,50707_MV.wav,9
50707,50707_TV.wav,9
50713,50713_AV.wav,9
50713,50713_MV.wav,9
50713,50713_PV.wav,9
50713,50713_TV.wav,9
50746,50746_AV.wav,9
50746,50746_MV.wav,9
50746,50746_PV.wav,9
50746,50746_TV.wav,9
50753,50753_AV.wav,9
50753,50753_MV.wav,9
50753,50753_PV.wav,9
50753,50753_TV.wav,9
50774,50774_AV.wav,9
50774,50774_MV.wav,9
50774,50774_TV.wav,9
50781,50781_AV.wav,9
50781,50781_MV.wav,9
50781,50781_PV.wav,9
50781,50781_TV.wav,9
50784,50784_AV.wav,9
50784,50784_MV.wav,9
50784,50784_PV.wav,9
50784,50784_TV.wav,9
50803,50803_AV.wav,9
50803,50803_MV.wav,9
50803,50803_PV.wav,9
50803,50803_TV.wav,9
51331,51331_AV.wav,9
51331,51331_MV.wav,9
51331,51331_PV.wav,9
51331,51331_TV.wav,9
68194,68194_AV.wav,9
68194,68194_MV.wav,9
68194,68194_PV.wav,9
68194,68194_TV.wav,9
68279,68279_MV.wav,9
68279,68279_PV.wav,9
68279,68279_TV.wav,9
68404,68404_MV.wav,9
68404,68404_PV.wav,9
68404,68404_TV.wav,9
68413,68413_AV.wav,9
68413,68413_MV.wav,9
68413,68413_PV.wav,9
68413,68413_TV.wav,9
68419,68419_AV.wav,9
68419,68419_MV.wav,9
68419,68419_PV.wav,9
68419,68419_TV.wav,9
68436,68436_AV.wav,9
68436,68436_MV.wav,9
68436,68436_PV.wav,9
68436,68436_TV.wav,9
68478,68478_AV.wav,9
68478,68478_MV.wav,9
68478,68478_PV.wav,9
68478,68478_TV.wav,9
68482,68482_AV.wav,9
68482,68482_MV.wav,9
68482,68482_PV.wav,9
68482,68482_TV.wav,9
68484,68484_AV.wav,9
68484,68484_MV.wav,9
68484,68484_PV.wav,9
68484,68484_TV.wav,9
68567,68567_AV.wav,9
68567,68567_MV.wav,9
68567,68567_PV.wav,9
68567,68567_TV.wav,9
68660,68660_AV.wav,9
68660,68660_MV.wav,9
68660,68660_PV.wav,9
68660,68660_TV.wav,9
68756,68756_MV.wav,9
68756,68756_PV.wav,9
68756,68756_TV.wav,9
68831,68831_AV.wav,9
68831,68831_MV.wav,9
68831,68831_PV.wav,9
68831,68831_TV.wav,9
68857,68857_MV.wav,9
77373,77373_AV.wav,9
77373,77373_MV.wav,9
77373,77373_PV.wav,9
77373,77373_TV.wav,9
81035,81035_MV.wav,9
81297,81297_AV.wav,9
81297,81297_MV.wav,9
81297,81297_PV.wav,9
81297,81297_TV.wav,9
81501,81501_AV.wav,9
81501,81501_MV.wav,9
81501,81501_PV.wav,9
81501,81501_TV.wav,9
82275,82275_AV.wav,9
82275,82275_PV.wav,9
83094,83094_MV.wav,9
84687,84687_AV.wav,9
84687,84687_MV.wav,9
84740,84740_AV.wav,9
84740,84740_MV.wav,9
84740,84740_PV.wav,9
84740,84740_TV.wav,9
84762,84762_AV.wav,9
84762,84762_MV.wav,9
84762,84762_PV.wav,9
84762,84762_TV.wav,9
84829,84829_AV.wav,9
84829,84829_MV.wav,9
84829,84829_PV.wav,9
84829,84829_TV.wav,9
84859,84859_AV.wav,9
84859,84859_MV.wav,9
84859,84859_PV.wav,9
84859,84859_TV.wav,9
84863,84863_AV.wav,9
84863,84863_MV.wav,9
84863,84863_PV.wav,9
84863,84863_TV.wav,9
84887,84887_AV.wav,9
84887,84887_MV.wav,9
84887,84887_PV.wav,9
84887,84887_TV.wav,9
84896,84896_AV.wav,9
84896,84896_MV.wav,9
84896,84896_PV.wav,9
84896,84896_TV.wav,9
84933,84933_AV.wav,9
84933,84933_MV.wav,9
84933,84933_PV.wav,9
84933,84933_TV.wav,9
84934,84934_AV.wav,9
84936,84936_AV.wav,9
84936,84936_MV.wav,9
84936,84936_PV.wav,9
84936,84936_TV.wav,9
84985,84985_AV.wav,9
84985,84985_MV.wav,9
84985,84985_PV.wav,9
84985,84985_TV.wav,9
85019,85019_AV.wav,9
85019,85019_MV.wav,9
85053,85053_AV.wav,9
85053,85053_MV.wav,9
85053,85053_PV.wav,9
85053,85053_TV.wav,9
85057,85057_AV.wav,9
85057,85057_MV.wav,9
85057,85057_PV.wav,9
85057,85057_TV.wav,9
85066,85066_MV.wav,9
85069,85069_AV.wav,9
85069,85069_MV.wav,9
85069,85069_PV.wav,9
85069,85069_TV.wav,9
85081,85081_AV.wav,9
85081,85081_MV.wav,9
85119,85119_AV.wav,9
85119,85119_MV.wav,9
85119,85119_PV.wav,9
85119,85119_TV.wav,9
85139,85139_MV.wav,9
85139,85139_PV.wav,9
85139,85139_TV.wav,9
85144,85144_AV.wav,9
85144,85144_MV.wav,9
85157,85157_AV.wav,9
85157,85157_MV.wav,9
85157,85157_PV.wav,9
85157,85157_TV.wav,9
85168,85168_AV.wav,9
85168,85168_MV.wav,9
85168,85168_PV.wav,9
85168,85168_TV.wav,9
85202,85202_AV.wav,9
85202,85202_MV.wav,9
85212,85212_AV.wav,9
85212,85212_MV.wav,9
85212,85212_PV.wav,9
85212,85212_TV.wav,9
85230,85230_AV.wav,9
85230,85230_MV.wav,9
85230,85230_PV.wav,9
85230,85230_TV.wav,9
85239,85239_AV.wav,9
85239,85239_MV.wav,9
85239,85239_PV.wav,9
85239,85239_TV.wav,9
85244,85244_AV.wav,9
85244,85244_MV.wav,9
85244,85244_PV.wav,9
85244,85244_TV.wav,9
85323,85323_PV.wav,9
85339,85339_MV.wav,9
