filename,y_true,snr_db,probs
../../../dataset/PhysioNet2022/training_data/13918_AV.wav,1,24.576571581954486,0.9593356044148236
../../../dataset/PhysioNet2022/training_data/13918_MV.wav,1,20.11374617936984,0.9062193616616984
../../../dataset/PhysioNet2022/training_data/13918_PV.wav,1,21.888612379806744,0.9323459184898859
../../../dataset/PhysioNet2022/training_data/13918_TV.wav,1,8.098234267409985,0.4663560632102438
../../../dataset/PhysioNet2022/training_data/14998_AV.wav,1,3.3287008240466216,0.25186577625350914
../../../dataset/PhysioNet2022/training_data/14998_MV.wav,1,26.18761042826323,0.970202948440593
../../../dataset/PhysioNet2022/training_data/14998_PV.wav,1,13.083528113824922,0.7031366587740039
../../../dataset/PhysioNet2022/training_data/14998_TV.wav,1,26.272341526629106,0.9706889655843018
../../../dataset/PhysioNet2022/training_data/2530_AV.wav,1,19.864610445735146,0.9018981904701154
../../../dataset/PhysioNet2022/training_data/2530_MV.wav,1,20.458658252338854,0.9119198889511583
../../../dataset/PhysioNet2022/training_data/2530_PV.wav,1,15.329042862244311,0.7877443750893182
../../../dataset/PhysioNet2022/training_data/2530_TV.wav,1,25.342542156463097,0.9649087651406066
../../../dataset/PhysioNet2022/training_data/29045_AV.wav,1,17.26648640606112,0.8453872264669616
../../../dataset/PhysioNet2022/training_data/29045_MV.wav,1,5.0090911705923356,0.3202532911224932
../../../dataset/PhysioNet2022/training_data/29045_PV.wav,1,9.800515574862967,0.551238712203398
../../../dataset/PhysioNet2022/training_data/29045_TV.wav,1,22.032795506575596,0.9341423255006001
../../../dataset/PhysioNet2022/training_data/29378_AV.wav,1,8.363082166596676,0.4795589431729429
../../../dataset/PhysioNet2022/training_data/29378_MV.wav,1,14.00661440802803,0.7401785204925334
../../../dataset/PhysioNet2022/training_data/36327_AV.wav,1,11.387484073290075,0.6278654842679576
../../../dataset/PhysioNet2022/training_data/36327_MV.wav,1,16.16300417119183,0.8142967028175357
../../../dataset/PhysioNet2022/training_data/36327_PV.wav,1,14.893390508697342,0.7728109291856378
../../../dataset/PhysioNet2022/training_data/36327_TV.wav,1,15.680102353956201,0.7992469156912828
../../../dataset/PhysioNet2022/training_data/39043_AV.wav,1,11.11380801612297,0.6149896792114992
../../../dataset/PhysioNet2022/training_data/39043_MV.wav,1,13.222611365327214,0.7089099862044755
../../../dataset/PhysioNet2022/training_data/39043_PV.wav,1,9.08426803470302,0.5156017705382022
../../../dataset/PhysioNet2022/training_data/39043_TV.wav,1,14.476643780580218,0.7578453001156611
../../../dataset/PhysioNet2022/training_data/43852_AV.wav,1,10.34128879773103,0.5778202105084757
../../../dataset/PhysioNet2022/training_data/43852_MV.wav,1,9.380534133132839,0.5303826637290866
../../../dataset/PhysioNet2022/training_data/43852_PV.wav,1,5.685400498402535,0.3503852665302207
../../../dataset/PhysioNet2022/training_data/43852_TV.wav,1,10.52786660607248,0.5868957109729595
../../../dataset/PhysioNet2022/training_data/46778_MV.wav,1,12.428579805139364,0.675088225094625
../../../dataset/PhysioNet2022/training_data/47002_AV.wav,1,11.749786546574587,0.644633216823302
../../../dataset/PhysioNet2022/training_data/47002_MV.wav,1,16.54646131066487,0.8256154231514601
../../../dataset/PhysioNet2022/training_data/49562_AV.wav,1,20.63878921428525,0.9147709668755031
../../../dataset/PhysioNet2022/training_data/49562_MV.wav,1,6.180937278985869,0.3732641526544994
../../../dataset/PhysioNet2022/training_data/49562_PV.wav,1,9.449561910391841,0.5338198122957245
../../../dataset/PhysioNet2022/training_data/49562_TV.wav,1,12.729576791169526,0.6881509797063923
../../../dataset/PhysioNet2022/training_data/49568_AV.wav,1,34.05110732798401,0.9936680516077309
../../../dataset/PhysioNet2022/training_data/49568_MV.wav,1,13.94704843988918,0.7378808962551522
../../../dataset/PhysioNet2022/training_data/49568_PV.wav,1,14.506646918268125,0.7589448055949382
../../../dataset/PhysioNet2022/training_data/49568_TV.wav,1,25.81162285241149,0.9679504672713541
../../../dataset/PhysioNet2022/training_data/49628_AV.wav,1,11.265304848938122,0.6221384296837552
../../../dataset/PhysioNet2022/training_data/49628_MV.wav,1,9.208592829038288,0.5218092298208815
../../../dataset/PhysioNet2022/training_data/49628_PV.wav,1,28.68389973703573,0.9816994428227588
../../../dataset/PhysioNet2022/training_data/49628_TV.wav,1,29.754061974509156,0.9851732734314241
../../../dataset/PhysioNet2022/training_data/49683_AV.wav,1,14.69606470040671,0.7658073700896765
../../../dataset/PhysioNet2022/training_data/49683_MV.wav,1,13.561185761469932,0.722683295581925
../../../dataset/PhysioNet2022/training_data/49683_PV.wav,1,9.538215406201672,0.5382294473158803
../../../dataset/PhysioNet2022/training_data/49683_TV.wav,1,30.683438615139238,0.9876571840020009
../../../dataset/PhysioNet2022/training_data/49704_AV.wav,1,24.862351187337396,0.9615076861928553
../../../dataset/PhysioNet2022/training_data/49704_MV.wav,1,16.868953353241515,0.8347074558237148
../../../dataset/PhysioNet2022/training_data/49712_AV.wav,1,13.778296595791645,0.731300943986975
../../../dataset/PhysioNet2022/training_data/49712_MV.wav,1,20.825771319492272,0.9176417178989903
../../../dataset/PhysioNet2022/training_data/49712_PV.wav,1,15.351479414588882,0.7884936988621776
../../../dataset/PhysioNet2022/training_data/49712_TV.wav,1,26.0595318942074,0.9694534325537828
../../../dataset/PhysioNet2022/training_data/49719_AV.wav,1,12.057922215501408,0.6586217254197565
../../../dataset/PhysioNet2022/training_data/49719_MV.wav,1,10.759500163676762,0.598080556193715
../../../dataset/PhysioNet2022/training_data/49719_PV.wav,1,24.777046316233438,0.9608712526577959
../../../dataset/PhysioNet2022/training_data/49719_TV.wav,1,17.569606216545623,0.8531463993305068
../../../dataset/PhysioNet2022/training_data/49745_AV.wav,1,12.949532832397812,0.6975124636256496
../../../dataset/PhysioNet2022/training_data/49745_MV.wav,1,16.575534057892142,0.8264509862284573
../../../dataset/PhysioNet2022/training_data/49745_PV.wav,1,15.775718590782553,0.8022977138878544
../../../dataset/PhysioNet2022/training_data/49745_TV.wav,1,16.393462937234972,0.8211658603059968
../../../dataset/PhysioNet2022/training_data/49751_AV.wav,1,14.564553943161453,0.7610572370210357
../../../dataset/PhysioNet2022/training_data/49751_MV.wav,1,15.1319174784624,0.7810776105363626
../../../dataset/PhysioNet2022/training_data/49751_PV.wav,1,15.682319701152771,0.7993180614892897
../../../dataset/PhysioNet2022/training_data/49751_TV.wav,1,11.252702326961879,0.6215457218037422
../../../dataset/PhysioNet2022/training_data/49829_AV.wav,1,11.8652118225405,0.649903738096533
../../../dataset/PhysioNet2022/training_data/49829_MV.wav,1,20.401061603546665,0.9109902323088317
../../../dataset/PhysioNet2022/training_data/49829_PV.wav,1,23.300333546310085,0.948124561238247
../../../dataset/PhysioNet2022/training_data/49829_TV.wav,1,16.558069469025625,0.8259494264911174
../../../dataset/PhysioNet2022/training_data/49842_AV.wav,1,19.377485463173112,0.8929343471238816
../../../dataset/PhysioNet2022/training_data/49842_MV.wav,1,19.560069083039707,0.8963756798704383
../../../dataset/PhysioNet2022/training_data/49842_PV.wav,1,24.18340120839764,0.9561547751521259
../../../dataset/PhysioNet2022/training_data/49842_TV.wav,1,24.182432137575432,0.9561466491971979
../../../dataset/PhysioNet2022/training_data/49896_AV.wav,1,20.746876758480255,0.9164413348316667
../../../dataset/PhysioNet2022/training_data/49896_MV.wav,1,26.840707629120637,0.9737557929989724
../../../dataset/PhysioNet2022/training_data/49896_PV.wav,1,22.27219344883211,0.9370273774796045
../../../dataset/PhysioNet2022/training_data/49896_TV.wav,1,22.195085384830197,0.936111236947684
../../../dataset/PhysioNet2022/training_data/49900_AV.wav,1,17.583479903646904,0.8534936990419614
../../../dataset/PhysioNet2022/training_data/49900_MV.wav,1,17.010315553913014,0.8385714084239547
../../../dataset/PhysioNet2022/training_data/49930_AV.wav,1,9.776142438414512,0.5500325543817025
../../../dataset/PhysioNet2022/training_data/49930_MV.wav,1,18.86065052007336,0.882643373038769
../../../dataset/PhysioNet2022/training_data/49930_PV.wav,1,16.159013779631216,0.8141759890718228
../../../dataset/PhysioNet2022/training_data/49930_TV.wav,1,25.30945556685751,0.9646840131961549
../../../dataset/PhysioNet2022/training_data/49931_AV.wav,1,11.906084654668996,0.6517614012309954
../../../dataset/PhysioNet2022/training_data/49931_PV.wav,1,9.434549523718854,0.5330725518168474
../../../dataset/PhysioNet2022/training_data/49931_TV.wav,1,18.563606656204147,0.8763483217205162
../../../dataset/PhysioNet2022/training_data/49946_MV.wav,1,18.542926150482003,0.8758994276582579
../../../dataset/PhysioNet2022/training_data/49946_PV.wav,1,24.305838038422447,0.9571699641977574
../../../dataset/PhysioNet2022/training_data/49946_TV.wav,1,21.62220021557506,0.928906606244973
../../../dataset/PhysioNet2022/training_data/49968_MV.wav,1,18.038907111661697,0.8645205565972899
../../../dataset/PhysioNet2022/training_data/49968_PV.wav,1,14.943016168531253,0.7745488063706818
../../../dataset/PhysioNet2022/training_data/49968_TV.wav,1,12.697685563696847,0.6867805733275265
../../../dataset/PhysioNet2022/training_data/49983_AV.wav,1,15.909615590488457,0.8065109978546696
../../../dataset/PhysioNet2022/training_data/49983_MV.wav,1,17.812770452530465,0.8591354535666652
../../../dataset/PhysioNet2022/training_data/49983_PV.wav,1,4.906645655216517,0.3158095165213535
../../../dataset/PhysioNet2022/training_data/49983_TV.wav,1,15.293294983933738,0.7865464840827027
../../../dataset/PhysioNet2022/training_data/49989_MV.wav,1,8.30519844595081,0.4766703101604771
../../../dataset/PhysioNet2022/training_data/49989_PV.wav,1,11.541315388637837,0.6350253034117047
../../../dataset/PhysioNet2022/training_data/50001_AV.wav,1,13.597717310525764,0.7241451838533645
../../../dataset/PhysioNet2022/training_data/50001_MV.wav,1,11.31093561463235,0.6242814223087555
../../../dataset/PhysioNet2022/training_data/50001_PV.wav,1,14.586604686931068,0.7618582951290489
../../../dataset/PhysioNet2022/training_data/50001_TV.wav,1,10.132972858511994,0.5676251450574457
../../../dataset/PhysioNet2022/training_data/50017_AV.wav,1,10.62978141019985,0.5918286342617093
../../../dataset/PhysioNet2022/training_data/50017_MV.wav,1,7.502501233737938,0.43685741088119223
../../../dataset/PhysioNet2022/training_data/50017_PV.wav,1,8.211738899198135,0.4720096744411039
../../../dataset/PhysioNet2022/training_data/50017_TV.wav,1,18.023561246668965,0.864160678093551
../../../dataset/PhysioNet2022/training_data/50049_AV.wav,1,13.551706784177433,0.7223031947881131
../../../dataset/PhysioNet2022/training_data/50049_MV.wav,1,12.445914537471186,0.6758482173007578
../../../dataset/PhysioNet2022/training_data/50049_PV.wav,1,11.550704369617506,0.6354604063466578
../../../dataset/PhysioNet2022/training_data/50049_TV.wav,1,14.882437129433885,0.7724260731805445
../../../dataset/PhysioNet2022/training_data/50053_AV.wav,1,15.2873652827874,0.7863473075960961
../../../dataset/PhysioNet2022/training_data/50053_PV.wav,1,17.19137025221042,0.8434133701861067
../../../dataset/PhysioNet2022/training_data/50053_TV.wav,1,18.070665910456473,0.8652627839495912
../../../dataset/PhysioNet2022/training_data/50054_AV.wav,1,18.194508966027342,0.8681243503509213
../../../dataset/PhysioNet2022/training_data/50054_MV.wav,1,27.614901067638623,0.9774354895198217
../../../dataset/PhysioNet2022/training_data/50054_PV.wav,1,24.475093586729095,0.9585364339812287
../../../dataset/PhysioNet2022/training_data/50054_TV.wav,1,28.771635137044207,0.9820120372644603
../../../dataset/PhysioNet2022/training_data/50057_MV.wav,1,17.04448794412708,0.8394944481565763
../../../dataset/PhysioNet2022/training_data/50057_PV.wav,1,13.762877243886562,0.7306945317732693
../../../dataset/PhysioNet2022/training_data/50057_TV.wav,1,17.24649602228669,0.844863925273146
../../../dataset/PhysioNet2022/training_data/50072_MV.wav,1,9.058215124642865,0.514300290511987
../../../dataset/PhysioNet2022/training_data/50072_PV.wav,1,16.195669067014823,0.8152825763395625
../../../dataset/PhysioNet2022/training_data/50072_TV.wav,1,32.34947803568657,0.9911238302215224
../../../dataset/PhysioNet2022/training_data/50077_MV.wav,1,7.665437378947464,0.4448901108856082
../../../dataset/PhysioNet2022/training_data/50078_AV.wav,1,16.571300199334345,0.8263295003955167
../../../dataset/PhysioNet2022/training_data/50078_MV.wav,1,11.560705329438672,0.6359236261095328
../../../dataset/PhysioNet2022/training_data/50078_PV.wav,1,12.883661860572307,0.6947256446287315
../../../dataset/PhysioNet2022/training_data/50078_TV.wav,1,18.70122681197384,0.8793001162790296
../../../dataset/PhysioNet2022/training_data/50085_AV.wav,1,10.484432559495387,0.5847880238386668
../../../dataset/PhysioNet2022/training_data/50085_MV.wav,1,16.64748861599272,0.8285053842683751
../../../dataset/PhysioNet2022/training_data/50085_PV.wav,1,16.10402319555041,0.8125062935157963
../../../dataset/PhysioNet2022/training_data/50085_TV.wav,1,15.719881955938368,0.8005204146857189
../../../dataset/PhysioNet2022/training_data/50100_AV.wav,1,22.29605589529295,0.9373084014282738
../../../dataset/PhysioNet2022/training_data/50100_MV.wav,1,19.950166826588266,0.9034017824270976
../../../dataset/PhysioNet2022/training_data/50117_MV.wav,1,21.08219482921716,0.9214354906412898
../../../dataset/PhysioNet2022/training_data/50117_PV.wav,1,19.029066007369188,0.8860876865911901
../../../dataset/PhysioNet2022/training_data/50117_TV.wav,1,10.479629553311621,0.5845547603196132
../../../dataset/PhysioNet2022/training_data/50123_MV.wav,1,10.542514388166676,0.587605798122041
../../../dataset/PhysioNet2022/training_data/50127_AV.wav,1,18.17073932098141,0.8675791462421069
../../../dataset/PhysioNet2022/training_data/50127_MV.wav,1,8.977277545663902,0.510255873970842
../../../dataset/PhysioNet2022/training_data/50127_PV.wav,1,17.83780760923853,0.8597403724329152
../../../dataset/PhysioNet2022/training_data/50127_TV.wav,1,7.868441491252428,0.45493810996977313
../../../dataset/PhysioNet2022/training_data/50128_AV.wav,1,21.41522962096881,0.9261239687149495
../../../dataset/PhysioNet2022/training_data/50128_MV.wav,1,8.643116010444594,0.4935495937820343
../../../dataset/PhysioNet2022/training_data/50128_PV.wav,1,24.962225457424665,0.9622401916427943
../../../dataset/PhysioNet2022/training_data/50128_TV.wav,1,23.572887594655498,0.9507410783001258
../../../dataset/PhysioNet2022/training_data/50143_PV.wav,1,12.2241229602153,0.6660555321729402
../../../dataset/PhysioNet2022/training_data/50143_TV.wav,1,10.738333230825983,0.5970625126798683
../../../dataset/PhysioNet2022/training_data/50150_AV.wav,1,14.743426210414661,0.767501914544059
../../../dataset/PhysioNet2022/training_data/50150_MV.wav,1,25.588472210050917,0.9665366427337705
../../../dataset/PhysioNet2022/training_data/50150_PV.wav,1,28.743982994515967,0.9819140847199826
../../../dataset/PhysioNet2022/training_data/50150_TV.wav,1,13.956848409995505,0.7382598071633464
../../../dataset/PhysioNet2022/training_data/50164_MV.wav,1,11.596731165091654,0.6375901614216813
../../../dataset/PhysioNet2022/training_data/50164_PV.wav,1,15.18685909766132,0.7829507589116219
../../../dataset/PhysioNet2022/training_data/50164_TV.wav,1,13.424115034330997,0.7171557702023675
../../../dataset/PhysioNet2022/training_data/50168_MV.wav,1,17.28516198419673,0.8458748051313969
../../../dataset/PhysioNet2022/training_data/50168_PV.wav,1,13.091375819954262,0.7034641732540785
../../../dataset/PhysioNet2022/training_data/50168_TV.wav,1,11.215635366661559,0.6198003297970046
../../../dataset/PhysioNet2022/training_data/50214_AV.wav,1,13.65108369578589,0.7262721576402436
../../../dataset/PhysioNet2022/training_data/50214_MV.wav,1,11.895110353540945,0.6512630713569832
../../../dataset/PhysioNet2022/training_data/50222_PV.wav,1,13.14776966233443,0.7058115389616656
../../../dataset/PhysioNet2022/training_data/50222_TV.wav,1,18.225030215062553,0.8688216230873986
../../../dataset/PhysioNet2022/training_data/50225_AV.wav,1,15.982294473280662,0.8087692194553117
../../../dataset/PhysioNet2022/training_data/50225_MV.wav,1,34.509924464975576,0.9942200218774877
../../../dataset/PhysioNet2022/training_data/50225_PV.wav,1,9.485557781670305,0.5356109277630726
../../../dataset/PhysioNet2022/training_data/50225_TV.wav,1,27.915969662196932,0.9787260336856356
../../../dataset/PhysioNet2022/training_data/50241_MV.wav,1,9.955332751470053,0.5588855366367318
../../../dataset/PhysioNet2022/training_data/50254_AV.wav,1,10.142132896128576,0.5680747130516863
../../../dataset/PhysioNet2022/training_data/50254_MV.wav,1,12.826678289145416,0.6923032579233953
../../../dataset/PhysioNet2022/training_data/50254_PV.wav,1,18.887924012824428,0.8832072145506208
../../../dataset/PhysioNet2022/training_data/50254_TV.wav,1,9.523218189000232,0.5374838851818702
../../../dataset/PhysioNet2022/training_data/50255_AV.wav,1,13.3985308503628,0.7161167014811012
../../../dataset/PhysioNet2022/training_data/50255_MV.wav,1,14.104884118159958,0.7439403754106477
../../../dataset/PhysioNet2022/training_data/50264_AV.wav,1,9.087771512836815,0.5157767719646031
../../../dataset/PhysioNet2022/training_data/50264_MV.wav,1,21.196065793275913,0.9230684197136065
../../../dataset/PhysioNet2022/training_data/50276_AV.wav,1,10.865112645672962,0.6031473010109094
../../../dataset/PhysioNet2022/training_data/50276_MV.wav,1,14.216347257087842,0.7481638247066431
../../../dataset/PhysioNet2022/training_data/50276_PV.wav,1,19.67653983640298,0.8985194965125035
../../../dataset/PhysioNet2022/training_data/50276_TV.wav,1,12.510520665148796,0.6786725092747917
../../../dataset/PhysioNet2022/training_data/50297_AV.wav,1,10.428654038440918,0.582076759858143
../../../dataset/PhysioNet2022/training_data/50297_MV.wav,1,19.54210626003067,0.8960415042553456
../../../dataset/PhysioNet2022/training_data/50297_PV.wav,1,16.07355540022669,0.8115762336335328
../../../dataset/PhysioNet2022/training_data/50297_TV.wav,1,21.1697451655589,0.9226937642510514
../../../dataset/PhysioNet2022/training_data/50321_AV_1.wav,1,10.15657740319371,0.5687834108884227
../../../dataset/PhysioNet2022/training_data/50321_AV_2.wav,1,10.582220201925654,0.5895287942472707
../../../dataset/PhysioNet2022/training_data/50321_MV_1.wav,1,10.37287421522076,0.5793604629138701
../../../dataset/PhysioNet2022/training_data/50321_MV_2.wav,1,8.29349995272792,0.4760866910602349
../../../dataset/PhysioNet2022/training_data/50334_AV.wav,1,10.423929235558768,0.5818468677170985
../../../dataset/PhysioNet2022/training_data/50334_MV.wav,1,29.22029930579715,0.9835304212620342
../../../dataset/PhysioNet2022/training_data/50334_PV.wav,1,8.294748347044967,0.47614896836965426
../../../dataset/PhysioNet2022/training_data/50334_TV.wav,1,19.557804486288877,0.8963336023052534
../../../dataset/PhysioNet2022/training_data/50336_MV.wav,1,17.619411822687972,0.8543900194999988
../../../dataset/PhysioNet2022/training_data/50336_PV.wav,1,16.148767391984457,0.8138657471730759
../../../dataset/PhysioNet2022/training_data/50336_TV.wav,1,18.206755561829965,0.868404506594879
../../../dataset/PhysioNet2022/training_data/50342_AV.wav,1,26.98774488277268,0.9744969346355167
../../../dataset/PhysioNet2022/training_data/50342_MV.wav,1,15.098689559603137,0.7799391240176472
../../../dataset/PhysioNet2022/training_data/50345_MV.wav,1,10.282133652356366,0.5749314758333819
../../../dataset/PhysioNet2022/training_data/50345_PV.wav,1,16.251362814428752,0.8169541498443904
../../../dataset/PhysioNet2022/training_data/50345_TV.wav,1,21.543219282710172,0.9278563461680798
../../../dataset/PhysioNet2022/training_data/50354_AV.wav,1,15.213436090213692,0.7838526930886323
../../../dataset/PhysioNet2022/training_data/50354_MV.wav,1,15.51326645541798,0.7938396185654417
../../../dataset/PhysioNet2022/training_data/50354_PV.wav,1,13.12717372493173,0.7049554997201671
../../../dataset/PhysioNet2022/training_data/50354_TV.wav,1,15.159842279603374,0.7820311136207707
../../../dataset/PhysioNet2022/training_data/50359_AV.wav,1,20.204990261147376,0.9077587978731284
../../../dataset/PhysioNet2022/training_data/50359_MV.wav,1,16.450106700335375,0.8228234670600272
../../../dataset/PhysioNet2022/training_data/50359_PV.wav,1,15.564417783923489,0.7955088538639781
../../../dataset/PhysioNet2022/training_data/50359_TV.wav,1,16.699225141268833,0.8299705794743535
../../../dataset/PhysioNet2022/training_data/50385_AV.wav,1,18.65152650375062,0.8782411796496468
../../../dataset/PhysioNet2022/training_data/50385_MV.wav,1,19.238015177714523,0.8902382266697512
../../../dataset/PhysioNet2022/training_data/50385_PV.wav,1,10.75326627249285,0.597780818771721
../../../dataset/PhysioNet2022/training_data/50385_TV.wav,1,22.725714914965373,0.9421721069952586
../../../dataset/PhysioNet2022/training_data/50386_AV.wav,1,14.682192002860441,0.7653093993699928
../../../dataset/PhysioNet2022/training_data/50386_MV.wav,1,16.508350660211097,0.8245153050108904
../../../dataset/PhysioNet2022/training_data/50386_PV.wav,1,13.447283903225175,0.7180947539650608
../../../dataset/PhysioNet2022/training_data/50386_TV.wav,1,23.994346759867803,0.9545420117988739
../../../dataset/PhysioNet2022/training_data/50388_AV.wav,1,12.132941842298656,0.6619871226115192
../../../dataset/PhysioNet2022/training_data/50388_MV.wav,1,18.9317515023757,0.884108362485763
../../../dataset/PhysioNet2022/training_data/50388_PV.wav,1,27.802116873443804,0.9782467148670833
../../../dataset/PhysioNet2022/training_data/50388_TV.wav,1,25.50653277507508,0.9660025284676392
../../../dataset/PhysioNet2022/training_data/50393_AV.wav,1,16.601619895756045,0.8271980093014643
../../../dataset/PhysioNet2022/training_data/50393_MV.wav,1,6.588105071997707,0.3925024783612675
../../../dataset/PhysioNet2022/training_data/50393_PV.wav,1,20.198028324692718,0.9076421432256488
../../../dataset/PhysioNet2022/training_data/50393_TV.wav,1,12.160531505406153,0.6632207104118549
../../../dataset/PhysioNet2022/training_data/50620_PV.wav,1,25.210493294775098,0.9640034717762376
../../../dataset/PhysioNet2022/training_data/50620_TV.wav,1,15.956192965861934,0.8079605377846143
../../../dataset/PhysioNet2022/training_data/50624_AV.wav,1,19.85711248046977,0.9017654297212921
../../../dataset/PhysioNet2022/training_data/50624_MV.wav,1,14.618900524690597,0.763028200574886
../../../dataset/PhysioNet2022/training_data/50624_PV.wav,1,30.41010828792026,0.9869727022520209
../../../dataset/PhysioNet2022/training_data/50624_TV.wav,1,27.544479723919835,0.9771227582575194
../../../dataset/PhysioNet2022/training_data/50626_AV.wav,1,11.48762295587954,0.6325328740724429
../../../dataset/PhysioNet2022/training_data/50626_MV.wav,1,9.641451448648597,0.5433568443683283
../../../dataset/PhysioNet2022/training_data/50636_AV.wav,1,23.32452414003245,0.9483620058355139
../../../dataset/PhysioNet2022/training_data/50636_MV.wav,1,18.271172301033495,0.869869816316332
../../../dataset/PhysioNet2022/training_data/50639_PV.wav,1,14.523080022798279,0.7595455731351848
../../../dataset/PhysioNet2022/training_data/50639_TV.wav,1,14.41234551149358,0.7554775320234649
../../../dataset/PhysioNet2022/training_data/50645_AV.wav,1,18.37275857275999,0.8721524230067563
../../../dataset/PhysioNet2022/training_data/50645_MV.wav,1,13.25500548396773,0.710245122590189
../../../dataset/PhysioNet2022/training_data/50645_PV.wav,1,14.064765625643025,0.7424089269694566
../../../dataset/PhysioNet2022/training_data/50645_TV.wav,1,17.27364351007597,0.8455742316497661
../../../dataset/PhysioNet2022/training_data/50646_AV.wav,1,12.27449927794385,0.6682927663743767
../../../dataset/PhysioNet2022/training_data/50646_MV.wav,1,20.28023264222724,0.9090111401702321
../../../dataset/PhysioNet2022/training_data/50649_AV.wav,1,12.282963763003526,0.6686679366510754
../../../dataset/PhysioNet2022/training_data/50649_MV.wav,1,24.249180955161783,0.9567030117066764
../../../dataset/PhysioNet2022/training_data/50649_PV.wav,1,17.740605548689068,0.8573796789280529
../../../dataset/PhysioNet2022/training_data/50649_TV.wav,1,18.96240032405357,0.8847349455862553
../../../dataset/PhysioNet2022/training_data/50654_AV.wav,1,15.122990999970098,0.7807721800396767
../../../dataset/PhysioNet2022/training_data/50654_PV.wav,1,9.26190028303772,0.5244688878489071
../../../dataset/PhysioNet2022/training_data/50654_TV.wav,1,9.644288965803465,0.5434976499557457
../../../dataset/PhysioNet2022/training_data/50656_AV.wav,1,13.05357882414948,0.7018848433800008
../../../dataset/PhysioNet2022/training_data/50656_MV.wav,1,15.445094293902374,0.7915992900417623
../../../dataset/PhysioNet2022/training_data/50656_PV.wav,1,22.940268096052854,0.9444661635437134
../../../dataset/PhysioNet2022/training_data/50656_TV_1.wav,1,26.434293541431593,0.9715966167886386
../../../dataset/PhysioNet2022/training_data/50656_TV_2.wav,1,18.49065244785193,0.8747585280680718
../../../dataset/PhysioNet2022/training_data/50677_AV.wav,1,13.167233093144251,0.7066191745203076
../../../dataset/PhysioNet2022/training_data/50677_PV.wav,1,13.183397680860205,0.7072889378871378
../../../dataset/PhysioNet2022/training_data/50690_AV.wav,1,21.581625332566357,0.9283688314961388
../../../dataset/PhysioNet2022/training_data/50690_MV_1.wav,1,13.621485069004377,0.7250937358302352
../../../dataset/PhysioNet2022/training_data/50690_MV_2.wav,1,15.834360280800649,0.8041514235465547
../../../dataset/PhysioNet2022/training_data/50690_PV.wav,1,17.606598086111717,0.8540709043151375
../../../dataset/PhysioNet2022/training_data/50690_TV.wav,1,16.4324148732508,0.8223070370631331
../../../dataset/PhysioNet2022/training_data/50704_AV.wav,1,9.870782529016623,0.5547126054131793
../../../dataset/PhysioNet2022/training_data/50704_MV.wav,1,15.73885561710905,0.8011256949302177
../../../dataset/PhysioNet2022/training_data/50708_AV.wav,1,8.468348124604722,0.4848155122795223
../../../dataset/PhysioNet2022/training_data/50708_MV.wav,1,17.62191991999676,0.8544524137375084
../../../dataset/PhysioNet2022/training_data/50708_PV.wav,1,8.960546112725321,0.5094196263772842
../../../dataset/PhysioNet2022/training_data/50708_TV.wav,1,4.853715115154137,0.31352660791195464
../../../dataset/PhysioNet2022/training_data/50715_AV.wav,1,4.9485129398549415,0.3176215859167749
../../../dataset/PhysioNet2022/training_data/50715_MV.wav,1,20.73731515782265,0.9162947791621286
../../../dataset/PhysioNet2022/training_data/50715_PV.wav,1,13.697495204789478,0.7281136068252032
../../../dataset/PhysioNet2022/training_data/50715_TV.wav,1,21.516433798115457,0.9274969247824596
../../../dataset/PhysioNet2022/training_data/50723_AV.wav,1,25.21439468905219,0.9640305382588678
../../../dataset/PhysioNet2022/training_data/50723_MV.wav,1,26.123699066497835,0.9698311940556171
../../../dataset/PhysioNet2022/training_data/50723_PV.wav,1,20.40636750104159,0.9110762426814293
../../../dataset/PhysioNet2022/training_data/50723_TV.wav,1,22.40949245614711,0.9386283861417853
../../../dataset/PhysioNet2022/training_data/50727_AV.wav,1,6.498071051256675,0.3882172694697491
../../../dataset/PhysioNet2022/training_data/50727_MV.wav,1,7.220723153400713,0.4230459982005996
../../../dataset/PhysioNet2022/training_data/50731_MV.wav,1,18.181623272688125,0.8678290280042121
../../../dataset/PhysioNet2022/training_data/50731_PV.wav,1,5.462394341470991,0.34030229312080884
../../../dataset/PhysioNet2022/training_data/50731_TV.wav,1,4.3793547940082895,0.2934772457309881
../../../dataset/PhysioNet2022/training_data/50732_AV.wav,1,14.537957489144564,0.7600885858515881
../../../dataset/PhysioNet2022/training_data/50732_MV.wav,1,20.80925872400341,0.9173917842133168
../../../dataset/PhysioNet2022/training_data/50732_PV.wav,1,19.1018320863416,0.8875484010524013
../../../dataset/PhysioNet2022/training_data/50732_TV.wav,1,14.632249828856336,0.763510615511876
../../../dataset/PhysioNet2022/training_data/50735_AV.wav,1,12.43252574527203,0.6752613049179113
../../../dataset/PhysioNet2022/training_data/50735_MV.wav,1,20.4684556695755,0.9120771516056793
../../../dataset/PhysioNet2022/training_data/50735_PV.wav,1,16.54483126791894,0.825568481219601
../../../dataset/PhysioNet2022/training_data/50735_TV.wav,1,11.601620482272585,0.6378160848819237
../../../dataset/PhysioNet2022/training_data/50737_MV.wav,1,11.705525594078898,0.642602759735291
../../../dataset/PhysioNet2022/training_data/50737_PV.wav,1,11.558294671220166,0.6358119933791699
../../../dataset/PhysioNet2022/training_data/50737_TV.wav,1,13.68608724163645,0.7276616982001856
../../../dataset/PhysioNet2022/training_data/50738_AV.wav,1,13.790225843491026,0.7317695043223645
../../../dataset/PhysioNet2022/training_data/50738_MV.wav,1,19.919375648239686,0.9028630349859169
../../../dataset/PhysioNet2022/training_data/50738_PV.wav,1,23.512151524203233,0.9501690692772009
../../../dataset/PhysioNet2022/training_data/50738_TV.wav,1,15.074721703701394,0.7791152798597686
../../../dataset/PhysioNet2022/training_data/50740_AV.wav,1,12.230165903075127,0.6663242991908271
../../../dataset/PhysioNet2022/training_data/50740_MV.wav,1,7.5529276028294525,0.43934007943028214
../../../dataset/PhysioNet2022/training_data/50740_PV.wav,1,19.821685725003675,0.9011359879911656
../../../dataset/PhysioNet2022/training_data/50740_TV.wav,1,18.457244659627147,0.8740246882504437
../../../dataset/PhysioNet2022/training_data/50742_AV.wav,1,14.271540612874126,0.7502379698266078
../../../dataset/PhysioNet2022/training_data/50742_MV.wav,1,12.2481336778533,0.6671227985242121
../../../dataset/PhysioNet2022/training_data/50742_PV.wav,1,13.702196144790001,0.7282996904509262
../../../dataset/PhysioNet2022/training_data/50742_TV.wav,1,16.012896662427078,0.8097140275233731
../../../dataset/PhysioNet2022/training_data/50747_AV.wav,1,7.202904878125958,0.4221764275004572
../../../dataset/PhysioNet2022/training_data/50747_MV.wav,1,18.833644386686913,0.8820827347770263
../../../dataset/PhysioNet2022/training_data/50747_PV.wav,1,26.819014588118538,0.9736446897281988
../../../dataset/PhysioNet2022/training_data/50747_TV.wav,1,10.494594176931308,0.5852814091303079
../../../dataset/PhysioNet2022/training_data/50771_AV.wav,1,13.717819096577635,0.7289175408097063
../../../dataset/PhysioNet2022/training_data/50771_MV.wav,1,27.296593347965825,0.9759879021622326
../../../dataset/PhysioNet2022/training_data/50771_PV.wav,1,16.174363277230157,0.8146399968601611
../../../dataset/PhysioNet2022/training_data/50771_TV.wav,1,24.948516194189992,0.9621404427957316
../../../dataset/PhysioNet2022/training_data/50782_AV_1.wav,1,18.604016411210967,0.8772214371704646
../../../dataset/PhysioNet2022/training_data/50782_AV_2.wav,1,31.892636899892267,0.9902828776911559
../../../dataset/PhysioNet2022/training_data/50782_MV_1.wav,1,8.68920237661831,0.49585364925645753
../../../dataset/PhysioNet2022/training_data/50782_MV_2.wav,1,12.075381007238422,0.659406374002849
../../../dataset/PhysioNet2022/training_data/50782_PV.wav,1,6.320520204128224,0.3798176643452451
../../../dataset/PhysioNet2022/training_data/50782_TV.wav,1,19.616163283994368,0.8974131323517548
../../../dataset/PhysioNet2022/training_data/50793_MV.wav,1,10.538839782476364,0.5874276967337898
../../../dataset/PhysioNet2022/training_data/50793_PV.wav,1,28.612784563293754,0.9814421584274967
../../../dataset/PhysioNet2022/training_data/50793_TV.wav,1,16.301854050045307,0.8184594117395819
../../../dataset/PhysioNet2022/training_data/50798_AV.wav,1,8.211897793193835,0.4720175942505682
../../../dataset/PhysioNet2022/training_data/50798_MV.wav,1,17.832399689098875,0.8596098968524054
../../../dataset/PhysioNet2022/training_data/50798_PV.wav,1,13.804518146296918,0.7323301993973903
../../../dataset/PhysioNet2022/training_data/50798_TV.wav,1,19.662480347504577,0.8982628139878235
../../../dataset/PhysioNet2022/training_data/50812_AV.wav,1,17.954058000184013,0.8625206470235287
../../../dataset/PhysioNet2022/training_data/50812_MV.wav,1,20.857091080760934,0.9181138818016967
../../../dataset/PhysioNet2022/training_data/50812_PV.wav,1,9.197041303855865,0.521232723649637
../../../dataset/PhysioNet2022/training_data/50812_TV.wav,1,9.520752390726381,0.537361285914203
../../../dataset/PhysioNet2022/training_data/50815_AV.wav,1,5.291241339274936,0.3326601605395151
../../../dataset/PhysioNet2022/training_data/50815_MV.wav,1,26.627930061420578,0.972646062030837
../../../dataset/PhysioNet2022/training_data/50815_PV.wav,1,21.376905210352618,0.925597834145712
../../../dataset/PhysioNet2022/training_data/50815_TV.wav,1,13.15854234927775,0.7062587121124083
../../../dataset/PhysioNet2022/training_data/50829_AV.wav,1,22.49497473604135,0.9396058758671002
../../../dataset/PhysioNet2022/training_data/50829_MV.wav,1,18.85812436511408,0.8825910290487182
../../../dataset/PhysioNet2022/training_data/50829_PV.wav,1,12.297607629176595,0.6693164888203916
../../../dataset/PhysioNet2022/training_data/51064_MV.wav,1,13.362582172000005,0.7146528061124656
../../../dataset/PhysioNet2022/training_data/59536_AV.wav,1,9.673280389073678,0.5449358837316409
../../../dataset/PhysioNet2022/training_data/59536_MV.wav,1,14.195097859451392,0.7473622406647802
../../../dataset/PhysioNet2022/training_data/68175_AV.wav,1,7.547845716131504,0.4390897404396248
../../../dataset/PhysioNet2022/training_data/68175_MV.wav,1,16.130471535098927,0.8133107888041553
../../../dataset/PhysioNet2022/training_data/68175_PV.wav,1,21.626226351432315,0.9289597643793365
../../../dataset/PhysioNet2022/training_data/68175_TV.wav,1,8.938438793168443,0.5083146084909259
../../../dataset/PhysioNet2022/training_data/68213_AV.wav,1,7.832931073988656,0.4531775812399624
../../../dataset/PhysioNet2022/training_data/68213_MV.wav,1,22.786042819073785,0.9428259895854224
../../../dataset/PhysioNet2022/training_data/68213_PV.wav,1,5.636907002535477,0.3481809088854175
../../../dataset/PhysioNet2022/training_data/68213_TV.wav,1,18.927881220226837,0.884029028487397
../../../dataset/PhysioNet2022/training_data/68219_AV.wav,1,18.218597988048913,0.868674936541705
../../../dataset/PhysioNet2022/training_data/68219_MV.wav,1,10.218970274494517,0.5718413519827507
../../../dataset/PhysioNet2022/training_data/68219_PV.wav,1,12.19967594003368,0.6649671222155178
../../../dataset/PhysioNet2022/training_data/68219_TV.wav,1,21.264506695319433,0.9240348482921993
../../../dataset/PhysioNet2022/training_data/68260_AV.wav,1,7.499066751853314,0.4366884327692173
../../../dataset/PhysioNet2022/training_data/68260_MV.wav,1,11.782787587774546,0.6461437532065356
../../../dataset/PhysioNet2022/training_data/68260_PV.wav,1,22.82798733058618,0.9432765182862869
../../../dataset/PhysioNet2022/training_data/68260_TV.wav,1,17.30789898107178,0.8464667204009346
../../../dataset/PhysioNet2022/training_data/68292_AV.wav,1,9.76577442370915,0.5495192913405474
../../../dataset/PhysioNet2022/training_data/68292_MV.wav,1,18.84862916878808,0.8823940997846331
../../../dataset/PhysioNet2022/training_data/68292_PV.wav,1,10.378502973289939,0.5796347862030843
../../../dataset/PhysioNet2022/training_data/68292_TV.wav,1,17.17874830872773,0.8430796920035406
../../../dataset/PhysioNet2022/training_data/68316_AV.wav,1,6.259611560975877,0.3769524128065448
../../../dataset/PhysioNet2022/training_data/68316_MV.wav,1,8.053586117606372,0.4641344454958124
../../../dataset/PhysioNet2022/training_data/68316_PV.wav,1,11.030718516736822,0.6110474941731561
../../../dataset/PhysioNet2022/training_data/68316_TV.wav,1,16.563684656398966,0.8261108118645809
../../../dataset/PhysioNet2022/training_data/68379_AV.wav,1,5.533619964595866,0.3435075131680071
../../../dataset/PhysioNet2022/training_data/68379_MV.wav,1,22.85985285291172,0.9436165553851744
../../../dataset/PhysioNet2022/training_data/68379_PV.wav,1,8.842015667142938,0.503494161849369
../../../dataset/PhysioNet2022/training_data/68379_TV.wav,1,8.079151358014345,0.4654063608839436
../../../dataset/PhysioNet2022/training_data/68444_AV.wav,1,14.383505156318815,0.7544104196111889
../../../dataset/PhysioNet2022/training_data/68444_MV.wav,1,8.672448210987916,0.4950160110048882
../../../dataset/PhysioNet2022/training_data/68444_PV.wav,1,6.170235114944438,0.37276356001735617
../../../dataset/PhysioNet2022/training_data/68444_TV.wav,1,12.628222399289069,0.6837843605441535
../../../dataset/PhysioNet2022/training_data/68504_AV.wav,1,14.382090229910133,0.7543579856427525
../../../dataset/PhysioNet2022/training_data/68504_MV.wav,1,14.827529325317705,0.7704899172427004
../../../dataset/PhysioNet2022/training_data/68504_PV.wav,1,8.58639356507972,0.4907141814272025
../../../dataset/PhysioNet2022/training_data/68504_TV.wav,1,19.29123316769737,0.8912739448767634
../../../dataset/PhysioNet2022/training_data/68545_AV.wav,1,11.667843458397027,0.6408700563583591
../../../dataset/PhysioNet2022/training_data/68545_MV.wav,1,13.976469800038856,0.7390173949735558
../../../dataset/PhysioNet2022/training_data/68545_PV.wav,1,7.0984834841743005,0.417090294909549
../../../dataset/PhysioNet2022/training_data/68545_TV.wav,1,16.452395173336285,0.8228901822128541
../../../dataset/PhysioNet2022/training_data/68556_AV.wav,1,8.649948880515543,0.4938911833834622
../../../dataset/PhysioNet2022/training_data/68556_MV.wav,1,14.081471033841275,0.7430473507880121
../../../dataset/PhysioNet2022/training_data/68576_AV.wav,1,8.914235165753126,0.5071047154385645
../../../dataset/PhysioNet2022/training_data/68576_MV.wav,1,19.58894086903868,0.8969108123573909
../../../dataset/PhysioNet2022/training_data/68659_AV.wav,1,11.436226230917843,0.6301403557528518
../../../dataset/PhysioNet2022/training_data/68659_MV.wav,1,18.306933499152414,0.8706772839990264
../../../dataset/PhysioNet2022/training_data/68659_PV.wav,1,17.561791363840953,0.8529504703657432
../../../dataset/PhysioNet2022/training_data/68659_TV.wav,1,25.999010017095173,0.9690929358392607
../../../dataset/PhysioNet2022/training_data/68698_AV.wav,1,12.038283471813813,0.6577380643311241
../../../dataset/PhysioNet2022/training_data/68698_MV.wav,1,10.724035047565188,0.5963743539905979
../../../dataset/PhysioNet2022/training_data/68698_PV.wav,1,9.07129522244199,0.5149537356124337
../../../dataset/PhysioNet2022/training_data/68698_TV.wav,1,11.751486019756046,0.6447110764772005
../../../dataset/PhysioNet2022/training_data/68741_AV.wav,1,14.62756779947776,0.7633414943297399
../../../dataset/PhysioNet2022/training_data/68741_MV.wav,1,25.858428835692628,0.9682396049844435
../../../dataset/PhysioNet2022/training_data/68741_PV.wav,1,13.910013285149166,0.7364457604193961
../../../dataset/PhysioNet2022/training_data/68741_TV.wav,1,16.966882645867532,0.837392049960741
../../../dataset/PhysioNet2022/training_data/68827_AV.wav,1,6.405658963408745,0.3838367847314799
../../../dataset/PhysioNet2022/training_data/68827_PV.wav,1,12.490217288974756,0.6777863311843939
../../../dataset/PhysioNet2022/training_data/68827_TV.wav,1,19.93153782257274,0.9030761539199762
../../../dataset/PhysioNet2022/training_data/68874_AV.wav,1,17.88244527650607,0.8608134622430811
../../../dataset/PhysioNet2022/training_data/68874_MV.wav,1,16.79948480852773,0.8327816031655264
../../../dataset/PhysioNet2022/training_data/68874_PV.wav,1,12.521605855286591,0.6791558007165494
../../../dataset/PhysioNet2022/training_data/68874_TV.wav,1,13.367032647341457,0.7148342833277319
../../../dataset/PhysioNet2022/training_data/68888_AV.wav,1,14.553619694973891,0.7606593333392494
../../../dataset/PhysioNet2022/training_data/68888_MV.wav,1,9.21412502054431,0.5220853064370471
../../../dataset/PhysioNet2022/training_data/68888_PV.wav,1,14.470055229391033,0.7576033973104052
../../../dataset/PhysioNet2022/training_data/68888_TV.wav,1,5.405910688718211,0.3377708089177361
../../../dataset/PhysioNet2022/training_data/69095_AV.wav,1,13.227037601912956,0.7090926290572886
../../../dataset/PhysioNet2022/training_data/69095_MV.wav,1,16.01904669630272,0.8099034713567076
../../../dataset/PhysioNet2022/training_data/69095_PV.wav,1,6.60516213859462,0.39331620798420747
../../../dataset/PhysioNet2022/training_data/69095_TV.wav,1,20.34747715470859,0.9101173954697457
../../../dataset/PhysioNet2022/training_data/69096_AV.wav,1,15.361772989404837,0.7888368296937706
../../../dataset/PhysioNet2022/training_data/69096_MV.wav,1,15.059436772646059,0.7785887399945602
../../../dataset/PhysioNet2022/training_data/69096_PV.wav,1,11.427778975380658,0.6297465198879276
../../../dataset/PhysioNet2022/training_data/69096_TV.wav,1,24.04954894009317,0.955018676627641
../../../dataset/PhysioNet2022/training_data/69120_AV.wav,1,8.140553308226485,0.4684630223350803
../../../dataset/PhysioNet2022/training_data/69120_MV.wav,1,8.262415729962875,0.47453627048912544
../../../dataset/PhysioNet2022/training_data/69120_PV.wav,1,29.318903431801544,0.9838468382437889
../../../dataset/PhysioNet2022/training_data/69120_TV.wav,1,4.3812596572033815,0.2935562459945812
../../../dataset/PhysioNet2022/training_data/69129_AV.wav,1,5.82199356357871,0.3566285340485269
../../../dataset/PhysioNet2022/training_data/69129_MV.wav,1,7.421867362496534,0.4328941361941933
../../../dataset/PhysioNet2022/training_data/69129_PV.wav,1,12.151114389952035,0.6627999016763331
../../../dataset/PhysioNet2022/training_data/69129_TV.wav,1,7.419138463447078,0.4327601539061303
../../../dataset/PhysioNet2022/training_data/69174_AV.wav,1,12.274271682262254,0.6682826757266986
../../../dataset/PhysioNet2022/training_data/69174_MV.wav,1,15.795433968682001,0.80292240369865
../../../dataset/PhysioNet2022/training_data/69174_PV.wav,1,19.139864137308535,0.8883053332559737
../../../dataset/PhysioNet2022/training_data/69174_TV.wav,1,13.62407690388676,0.7251970513190297
../../../dataset/PhysioNet2022/training_data/69176_AV.wav,1,15.313109130772046,0.7872110524035588
../../../dataset/PhysioNet2022/training_data/69176_MV.wav,1,24.66535382342294,0.9600226757902031
../../../dataset/PhysioNet2022/training_data/69176_PV.wav,1,9.500062595166899,0.5363324145764806
../../../dataset/PhysioNet2022/training_data/69176_TV.wav,1,15.240469553960487,0.7847673304021051
../../../dataset/PhysioNet2022/training_data/70280_AV.wav,1,17.954005346636087,0.8625193983000614
../../../dataset/PhysioNet2022/training_data/70280_MV.wav,1,19.656518620517183,0.8981537976844204
../../../dataset/PhysioNet2022/training_data/72288_PV.wav,1,12.363470324105608,0.6722254622249191
../../../dataset/PhysioNet2022/training_data/84689_AV.wav,1,17.75217248190964,0.8576623254972653
../../../dataset/PhysioNet2022/training_data/84689_MV.wav,1,10.59328358029639,0.5900641214083974
../../../dataset/PhysioNet2022/training_data/84689_PV.wav,1,25.037218061332588,0.9627813857748186
../../../dataset/PhysioNet2022/training_data/84689_TV.wav,1,6.762440385720794,0.4008467601888861
../../../dataset/PhysioNet2022/training_data/84692_AV.wav,1,17.548804990492442,0.852624405959728
../../../dataset/PhysioNet2022/training_data/84692_MV.wav,1,13.97421687949263,0.7389304811488746
../../../dataset/PhysioNet2022/training_data/84692_PV.wav,1,14.545070985551847,0.7603479246469083
../../../dataset/PhysioNet2022/training_data/84692_TV.wav,1,12.01788680339481,0.6568191400004425
../../../dataset/PhysioNet2022/training_data/84711_AV.wav,1,16.160511729940747,0.814221310819039
../../../dataset/PhysioNet2022/training_data/84711_MV.wav,1,11.786632535583127,0.6463195567545219
../../../dataset/PhysioNet2022/training_data/84711_PV.wav,1,4.49391218580656,0.29825027897722284
../../../dataset/PhysioNet2022/training_data/84711_TV.wav,1,16.040539398038163,0.8105643924818395
../../../dataset/PhysioNet2022/training_data/84732_AV.wav,1,9.624463042766099,0.5425136876929023
../../../dataset/PhysioNet2022/training_data/84732_MV.wav,1,22.97367457458153,0.9448155575006034
../../../dataset/PhysioNet2022/training_data/84733_AV.wav,1,11.575510066490988,0.6366088824806173
../../../dataset/PhysioNet2022/training_data/84733_MV.wav,1,19.737086231410522,0.8996183311785251
../../../dataset/PhysioNet2022/training_data/84733_PV.wav,1,11.09088100416833,0.6139033888068538
../../../dataset/PhysioNet2022/training_data/84733_TV.wav,1,19.362001766877313,0.89263793035519
../../../dataset/PhysioNet2022/training_data/84736_AV.wav,1,14.87379355393206,0.7721220495621216
../../../dataset/PhysioNet2022/training_data/84736_MV.wav,1,15.306615219029625,0.786993412462876
../../../dataset/PhysioNet2022/training_data/84738_AV.wav,1,6.977391175269973,0.41121424363222
../../../dataset/PhysioNet2022/training_data/84738_MV.wav,1,9.629486430148113,0.542763030523187
../../../dataset/PhysioNet2022/training_data/84738_PV.wav,1,10.737655541410069,0.5970299047003462
../../../dataset/PhysioNet2022/training_data/84738_TV.wav,1,16.884582426994704,0.8351382762679664
../../../dataset/PhysioNet2022/training_data/84746_PV.wav,1,8.625091924495162,0.4926485613998684
../../../dataset/PhysioNet2022/training_data/84761_AV.wav,1,12.318166950119021,0.6702259411952576
../../../dataset/PhysioNet2022/training_data/84761_MV.wav,1,21.37925149454347,0.9256301437607505
../../../dataset/PhysioNet2022/training_data/84761_PV.wav,1,11.57421740636384,0.636549072083462
../../../dataset/PhysioNet2022/training_data/84761_TV.wav,1,16.596092078450887,0.8270399212728556
../../../dataset/PhysioNet2022/training_data/84765_AV.wav,1,9.237627843186122,0.5232580309143761
../../../dataset/PhysioNet2022/training_data/84765_MV.wav,1,24.113046063550453,0.9555610770263154
../../../dataset/PhysioNet2022/training_data/84765_PV.wav,1,12.188580710093015,0.6644725693341436
../../../dataset/PhysioNet2022/training_data/84765_TV.wav,1,15.259235752540524,0.7854006034072923
../../../dataset/PhysioNet2022/training_data/84776_AV.wav,1,7.259419041789416,0.42493607806484096
../../../dataset/PhysioNet2022/training_data/84776_MV.wav,1,12.748957516863495,0.6889821901436073
../../../dataset/PhysioNet2022/training_data/84776_PV.wav,1,4.927197430805802,0.3166983284992348
../../../dataset/PhysioNet2022/training_data/84776_TV.wav,1,21.88403356045496,0.9322881319708485
../../../dataset/PhysioNet2022/training_data/84778_AV.wav,1,12.510513966006718,0.67867221709012
../../../dataset/PhysioNet2022/training_data/84778_MV.wav,1,8.723198667404098,0.4975533882723752
../../../dataset/PhysioNet2022/training_data/84778_PV.wav,1,7.535411926203429,0.4384773700346076
../../../dataset/PhysioNet2022/training_data/84778_TV.wav,1,22.51838321675384,0.9398710004140257
../../../dataset/PhysioNet2022/training_data/84796_AV.wav,1,7.000983526832868,0.4123571426086263
../../../dataset/PhysioNet2022/training_data/84796_MV.wav,1,10.226008443928865,0.5721859604969154
../../../dataset/PhysioNet2022/training_data/84852_AV.wav,1,16.901906018111823,0.8356147530235379
../../../dataset/PhysioNet2022/training_data/84852_MV.wav,1,8.882577956261564,0.5055221086523604
../../../dataset/PhysioNet2022/training_data/84852_PV.wav,1,22.30427285470947,0.9374049000014437
../../../dataset/PhysioNet2022/training_data/84852_TV.wav,1,19.89991571503973,0.902521166809533
../../../dataset/PhysioNet2022/training_data/84853_AV.wav,1,5.3760605332914775,0.33643671832472427
../../../dataset/PhysioNet2022/training_data/84853_MV.wav,1,20.444306422695938,0.9116890626429422
../../../dataset/PhysioNet2022/training_data/84853_PV.wav,1,2.667334010972665,0.22776764816122283
../../../dataset/PhysioNet2022/training_data/84853_TV.wav,1,23.675678043174514,0.951694991715736
../../../dataset/PhysioNet2022/training_data/84864_AV.wav,1,17.036662837971683,0.8392834596290207
../../../dataset/PhysioNet2022/training_data/84864_MV.wav,1,27.622894246769487,0.9774707210999936
../../../dataset/PhysioNet2022/training_data/84864_PV.wav,1,16.740190570954244,0.8311236592075227
../../../dataset/PhysioNet2022/training_data/84864_TV.wav,1,8.410964339041211,0.4819495000963172
../../../dataset/PhysioNet2022/training_data/84878_AV.wav,1,9.523453458965939,0.5374955825467018
../../../dataset/PhysioNet2022/training_data/84878_MV.wav,1,12.250618107531412,0.6672331328045997
../../../dataset/PhysioNet2022/training_data/84878_PV.wav,1,13.875045532363309,0.735086115636362
../../../dataset/PhysioNet2022/training_data/84878_TV.wav,1,9.261596588150224,0.524453739448057
../../../dataset/PhysioNet2022/training_data/84881_AV.wav,1,14.29245032809351,0.751020766000272
../../../dataset/PhysioNet2022/training_data/84881_MV.wav,1,16.262232627739053,0.8172790203874507
../../../dataset/PhysioNet2022/training_data/84881_PV.wav,1,15.94415486766676,0.8075866937751375
../../../dataset/PhysioNet2022/training_data/84881_TV.wav,1,7.899853254613389,0.456496377368333
../../../dataset/PhysioNet2022/training_data/84922_AV.wav,1,21.99963886981221,0.9337331869300204
../../../dataset/PhysioNet2022/training_data/84922_MV.wav,1,16.26235571422814,0.8172826965588617
../../../dataset/PhysioNet2022/training_data/84973_AV.wav,1,16.805686559750033,0.832954258592627
../../../dataset/PhysioNet2022/training_data/84973_MV.wav,1,13.970368405616595,0.7387819703127444
../../../dataset/PhysioNet2022/training_data/84973_PV.wav,1,17.81210094650731,0.8591192478324805
../../../dataset/PhysioNet2022/training_data/84973_TV.wav,1,15.777252591860174,0.8023463728258652
../../../dataset/PhysioNet2022/training_data/84974_AV.wav,1,11.848181068721424,0.6491283453027518
../../../dataset/PhysioNet2022/training_data/84974_MV.wav,1,24.593130403155847,0.9594646026441264
../../../dataset/PhysioNet2022/training_data/84974_PV.wav,1,25.593847165505174,0.9665713943416095
../../../dataset/PhysioNet2022/training_data/84974_TV.wav,1,17.974534081747457,0.8630055322412159
../../../dataset/PhysioNet2022/training_data/84986_AV.wav,1,15.91971787536564,0.8068260969570641
../../../dataset/PhysioNet2022/training_data/84986_MV.wav,1,21.881481139036072,0.9322558995320572
../../../dataset/PhysioNet2022/training_data/84986_PV.wav,1,18.743361536049914,0.8801916250716327
../../../dataset/PhysioNet2022/training_data/84986_TV.wav,1,23.962243282174267,0.9542625932900629
../../../dataset/PhysioNet2022/training_data/85002_AV.wav,1,3.1434933842136856,0.24495042214373852
../../../dataset/PhysioNet2022/training_data/85002_MV.wav,1,9.76540337869403,0.5495009209946577
../../../dataset/PhysioNet2022/training_data/85002_PV.wav,1,4.325834249720396,0.29126268315018183
../../../dataset/PhysioNet2022/training_data/85002_TV.wav,1,7.121797930267901,0.4182244008133072
../../../dataset/PhysioNet2022/training_data/85018_AV.wav,1,16.689794101060556,0.8297042332026443
../../../dataset/PhysioNet2022/training_data/85018_MV.wav,1,13.899951156858412,0.736054976061523
../../../dataset/PhysioNet2022/training_data/85024_AV.wav,1,10.133770063413364,0.5676642757313635
../../../dataset/PhysioNet2022/training_data/85024_MV.wav,1,19.44915347470648,0.8942969788594196
../../../dataset/PhysioNet2022/training_data/85024_PV.wav,1,7.841934924650626,0.4536238633829625
../../../dataset/PhysioNet2022/training_data/85024_TV.wav,1,6.058517574388739,0.36755443032798396
../../../dataset/PhysioNet2022/training_data/85027_AV.wav,1,23.825041589805743,0.9530499058970324
../../../dataset/PhysioNet2022/training_data/85027_MV.wav,1,10.744786839313898,0.5973729941051602
../../../dataset/PhysioNet2022/training_data/85027_PV.wav,1,10.619586097604452,0.5913359709449847
../../../dataset/PhysioNet2022/training_data/85027_TV.wav,1,25.16328359861003,0.9636743898437202
../../../dataset/PhysioNet2022/training_data/85038_AV.wav,1,10.009347817657694,0.5615471114059568
../../../dataset/PhysioNet2022/training_data/85038_MV.wav,1,11.989034263634435,0.6555172482411014
../../../dataset/PhysioNet2022/training_data/85038_PV.wav,1,10.55666001803321,0.5882911963759959
../../../dataset/PhysioNet2022/training_data/85038_TV.wav,1,17.08856836192163,0.8406788058179984
../../../dataset/PhysioNet2022/training_data/85048_AV.wav,1,14.410455885259667,0.7554077106870226
../../../dataset/PhysioNet2022/training_data/85048_MV.wav,1,7.74597508742376,0.4488715242547141
../../../dataset/PhysioNet2022/training_data/85048_PV.wav,1,14.106611215432919,0.7440061698864078
../../../dataset/PhysioNet2022/training_data/85048_TV.wav,1,10.763134600242823,0.5982552730508399
../../../dataset/PhysioNet2022/training_data/85091_AV.wav,1,9.78165885464357,0.5503055982924593
../../../dataset/PhysioNet2022/training_data/85091_MV.wav,1,20.39968270216199,0.9109678675707883
../../../dataset/PhysioNet2022/training_data/85105_PV.wav,1,7.1140831559011275,0.4178490276553967
../../../dataset/PhysioNet2022/training_data/85105_TV.wav,1,16.940219233275826,0.8366646095984569
../../../dataset/PhysioNet2022/training_data/85128_AV.wav,1,12.051277414941367,0.6583228602027648
../../../dataset/PhysioNet2022/training_data/85128_MV.wav,1,18.839988393555366,0.8822146423751767
../../../dataset/PhysioNet2022/training_data/85128_PV.wav,1,9.554113407566067,0.5390196037154021
../../../dataset/PhysioNet2022/training_data/85128_TV.wav,1,19.538374722956654,0.8959719643280384
../../../dataset/PhysioNet2022/training_data/85136_AV.wav,1,14.352552456672319,0.7532616596740703
../../../dataset/PhysioNet2022/training_data/85136_MV.wav,1,22.049218497633802,0.9343441075126223
../../../dataset/PhysioNet2022/training_data/85136_PV.wav,1,17.255432808764326,0.8450980478053012
../../../dataset/PhysioNet2022/training_data/85136_TV.wav,1,26.316414963720305,0.9709387223169207
../../../dataset/PhysioNet2022/training_data/85143_AV.wav,1,7.320209528966114,0.42790977376705835
../../../dataset/PhysioNet2022/training_data/85143_MV.wav,1,9.635271294822175,0.5430501437902016
../../../dataset/PhysioNet2022/training_data/85143_PV.wav,1,9.960477079640484,0.5591391700582246
../../../dataset/PhysioNet2022/training_data/85143_TV.wav,1,21.629333388646778,0.9290007623145057
../../../dataset/PhysioNet2022/training_data/85151_AV.wav,1,9.174742406798686,0.520119685840322
../../../dataset/PhysioNet2022/training_data/85151_MV.wav,1,8.867171643365811,0.504751874470429
../../../dataset/PhysioNet2022/training_data/85151_PV.wav,1,4.391019623900142,0.2939612153439637
../../../dataset/PhysioNet2022/training_data/85151_TV.wav,1,11.159565658363062,0.6171542611181531
../../../dataset/PhysioNet2022/training_data/85165_AV.wav,1,13.610430413977113,0.7246528054832574
../../../dataset/PhysioNet2022/training_data/85165_MV.wav,1,9.356762939205808,0.5291983238574017
../../../dataset/PhysioNet2022/training_data/85167_PV.wav,1,18.06582246059422,0.8651498111070212
../../../dataset/PhysioNet2022/training_data/85167_TV.wav,1,12.660844725609582,0.6851934074327805
../../../dataset/PhysioNet2022/training_data/85169_AV.wav,1,9.281573157463853,0.5254500801062997
../../../dataset/PhysioNet2022/training_data/85169_MV.wav,1,21.854772300260844,0.9319177610972986
../../../dataset/PhysioNet2022/training_data/85169_PV.wav,1,3.037588806740544,0.24105421161225127
../../../dataset/PhysioNet2022/training_data/85169_TV.wav,1,24.932550356450975,0.9620239560008162
../../../dataset/PhysioNet2022/training_data/85176_AV.wav,1,9.524309778676027,0.5375381574755207
../../../dataset/PhysioNet2022/training_data/85176_MV.wav,1,9.479325316545934,0.5353008715093741
../../../dataset/PhysioNet2022/training_data/85176_PV.wav,1,6.277357943339136,0.3777863566962684
../../../dataset/PhysioNet2022/training_data/85176_TV.wav,1,8.374208709689508,0.48011436554740283
../../../dataset/PhysioNet2022/training_data/85182_AV.wav,1,10.374026011192628,0.5794166008645912
../../../dataset/PhysioNet2022/training_data/85182_MV.wav,1,11.424921101137508,0.6296132382773788
../../../dataset/PhysioNet2022/training_data/85182_PV.wav,1,11.677120353069192,0.6412969705568524
../../../dataset/PhysioNet2022/training_data/85182_TV.wav,1,14.421415351806308,0.7558124732629647
../../../dataset/PhysioNet2022/training_data/85196_AV.wav,1,14.763209616167089,0.768207208096556
../../../dataset/PhysioNet2022/training_data/85196_MV.wav,1,13.748941929841997,0.730145740966349
../../../dataset/PhysioNet2022/training_data/85196_PV.wav,1,17.933139077162814,0.8620237860789971
../../../dataset/PhysioNet2022/training_data/85196_TV.wav,1,23.061342114888138,0.9457226414315879
../../../dataset/PhysioNet2022/training_data/85199_AV.wav,1,11.703114218909807,0.6424919906876383
../../../dataset/PhysioNet2022/training_data/85199_PV.wav,1,22.878065570050662,0.9438100416801108
../../../dataset/PhysioNet2022/training_data/85210_AV.wav,1,24.4088821879677,0.9580069208275421
../../../dataset/PhysioNet2022/training_data/85210_MV.wav,1,22.78526691737152,0.9428176239921385
../../../dataset/PhysioNet2022/training_data/85210_PV.wav,1,12.6463791229785,0.6845690173888783
../../../dataset/PhysioNet2022/training_data/85210_TV.wav,1,28.161430760217737,0.9797245346526282
../../../dataset/PhysioNet2022/training_data/85214_AV.wav,1,8.42410154814214,0.4826055352129646
../../../dataset/PhysioNet2022/training_data/85214_MV.wav,1,14.883569600693313,0.7724658847973023
../../../dataset/PhysioNet2022/training_data/85214_PV.wav,1,7.295782876782587,0.42671425364515303
../../../dataset/PhysioNet2022/training_data/85214_TV.wav,1,9.767202994395399,0.5495900182568685
../../../dataset/PhysioNet2022/training_data/85217_AV.wav,1,17.740957919277157,0.85738829626956
../../../dataset/PhysioNet2022/training_data/85217_MV.wav,1,18.72821403256247,0.8798717829641486
../../../dataset/PhysioNet2022/training_data/85217_PV.wav,1,23.280123421461884,0.9479253962733646
../../../dataset/PhysioNet2022/training_data/85217_TV.wav,1,12.91447124291468,0.6960308969714215
../../../dataset/PhysioNet2022/training_data/85222_AV.wav,1,10.571889303013103,0.5890287182419557
../../../dataset/PhysioNet2022/training_data/85222_PV.wav,1,5.348089981753854,0.3351889945949354
../../../dataset/PhysioNet2022/training_data/85222_TV.wav,1,12.369300711318816,0.6724823422335703
../../../dataset/PhysioNet2022/training_data/85225_AV.wav,1,19.07477078704369,0.8870070896769122
../../../dataset/PhysioNet2022/training_data/85225_MV.wav,1,13.576007698767972,0.7232770024934274
../../../dataset/PhysioNet2022/training_data/85225_PV.wav,1,16.992624246033472,0.838091862098196
../../../dataset/PhysioNet2022/training_data/85225_TV.wav,1,13.693014358051512,0.7279361611299642
../../../dataset/PhysioNet2022/training_data/85226_MV.wav,1,10.139280850404447,0.5679347487053805
../../../dataset/PhysioNet2022/training_data/85226_PV.wav,1,11.929433062852963,0.6528205192629932
../../../dataset/PhysioNet2022/training_data/85226_TV.wav,1,9.758255181569575,0.5491469892558649
../../../dataset/PhysioNet2022/training_data/85229_MV.wav,1,14.942552494714533,0.7745326123401763
../../../dataset/PhysioNet2022/training_data/85229_PV.wav,1,12.47676029486553,0.6771982701292043
../../../dataset/PhysioNet2022/training_data/85229_TV.wav,1,12.795431259725095,0.690970415428366
../../../dataset/PhysioNet2022/training_data/85241_AV.wav,1,17.84279123749775,0.8598605213631373
../../../dataset/PhysioNet2022/training_data/85241_MV.wav,1,21.109566344116026,0.9218308739165443
../../../dataset/PhysioNet2022/training_data/85241_PV.wav,1,10.495763914214054,0.585338193380421
../../../dataset/PhysioNet2022/training_data/85241_TV.wav,1,11.045401983485432,0.6117452255012575
../../../dataset/PhysioNet2022/training_data/85246_AV.wav,1,18.573045619936366,0.8765527413120205
../../../dataset/PhysioNet2022/training_data/85246_MV.wav,1,25.7866930836937,0.9677954298094505
../../../dataset/PhysioNet2022/training_data/85246_PV.wav,1,12.222109561824501,0.6659659599316967
../../../dataset/PhysioNet2022/training_data/85246_TV.wav,1,20.237337797657613,0.9082990804441451
../../../dataset/PhysioNet2022/training_data/85259_AV.wav,1,19.226937619991645,0.8900215526517344
../../../dataset/PhysioNet2022/training_data/85259_MV.wav,1,9.769669665622287,0.5497121356354691
../../../dataset/PhysioNet2022/training_data/85270_AV.wav,1,13.19796719110646,0.707891842212818
../../../dataset/PhysioNet2022/training_data/85270_MV.wav,1,11.865517095176068,0.6499176296369094
../../../dataset/PhysioNet2022/training_data/85270_PV.wav,1,24.685735377218144,0.9601788280501524
../../../dataset/PhysioNet2022/training_data/85270_TV.wav,1,25.642371239614402,0.9668835520170717
../../../dataset/PhysioNet2022/training_data/85279_AV.wav,1,9.97163122812085,0.5596890025189285
../../../dataset/PhysioNet2022/training_data/85279_MV.wav,1,13.84954242562429,0.73409165831239
../../../dataset/PhysioNet2022/training_data/85279_PV.wav,1,20.15328789349413,0.9068893030492218
../../../dataset/PhysioNet2022/training_data/85279_TV.wav,1,7.048372449012149,0.41465567938873865
../../../dataset/PhysioNet2022/training_data/85286_AV.wav,1,11.020408359441738,0.6105573022719831
../../../dataset/PhysioNet2022/training_data/85286_MV.wav,1,4.307140179618319,0.2904914872734558
../../../dataset/PhysioNet2022/training_data/85286_PV.wav,1,24.192281287490292,0.956229170455543
../../../dataset/PhysioNet2022/training_data/85286_TV.wav,1,4.136240912320263,0.28349757223648026
../../../dataset/PhysioNet2022/training_data/85313_MV.wav,1,16.39734629079775,0.8212798878853959
../../../dataset/PhysioNet2022/training_data/85313_PV.wav,1,12.267397836277347,0.6679778451228844
../../../dataset/PhysioNet2022/training_data/85313_TV.wav,1,22.251831403139736,0.936786648437225
../../../dataset/PhysioNet2022/training_data/85315_AV.wav,1,11.118649529590332,0.6152189258368465
../../../dataset/PhysioNet2022/training_data/85315_MV.wav,1,17.21886303874648,0.8441381791011419
../../../dataset/PhysioNet2022/training_data/85315_PV.wav,1,4.835367386099501,0.3127373610479586
../../../dataset/PhysioNet2022/training_data/85315_TV.wav,1,7.266023812350195,0.42525890551824563
../../../dataset/PhysioNet2022/training_data/85319_AV.wav,1,14.46191316895829,0.7573042294872563
../../../dataset/PhysioNet2022/training_data/85319_MV.wav,1,16.160475576090324,0.8142202170543497
../../../dataset/PhysioNet2022/training_data/85319_PV.wav,1,13.633061492450306,0.725555007432933
../../../dataset/PhysioNet2022/training_data/85319_TV.wav,1,13.883259121618668,0.735405885944829
../../../dataset/PhysioNet2022/training_data/85332_AV.wav,1,8.286209556619234,0.4757230177968812
../../../dataset/PhysioNet2022/training_data/85332_PV.wav,1,7.215626410057726,0.42279721706974954
../../../dataset/PhysioNet2022/training_data/85337_AV.wav,1,16.74736960314251,0.8313250890670119
../../../dataset/PhysioNet2022/training_data/85337_MV.wav,1,13.995830452798323,0.7397635239655966
../../../dataset/PhysioNet2022/training_data/85337_PV.wav,1,12.17357096612087,0.6638029584213582
../../../dataset/PhysioNet2022/training_data/85337_TV.wav,1,21.234662081791726,0.9236148011558073
../../../dataset/PhysioNet2022/training_data/85340_AV.wav,1,15.947785569359933,0.8076995038303502
../../../dataset/PhysioNet2022/training_data/85340_MV.wav,1,22.545462157777997,0.9401763374420667
../../../dataset/PhysioNet2022/training_data/85340_PV.wav,1,20.67271610846925,0.915298502533248
../../../dataset/PhysioNet2022/training_data/85340_TV.wav,1,23.630033009575715,0.9512735815866048
../../../dataset/PhysioNet2022/training_data/9979_AV.wav,1,5.669150182124612,0.34964586217146254
../../../dataset/PhysioNet2022/training_data/9979_MV.wav,1,6.030839701004064,0.3662685867782691
../../../dataset/PhysioNet2022/training_data/9979_PV.wav,1,23.313407241387935,0.9482530149632428
../../../dataset/PhysioNet2022/training_data/9979_TV.wav,1,15.851126418311111,0.8046789912009955
noise,0,2.9592489688367563,0.23819944334969717
noise,0,4.7390047666338875,0.3086100885465671
noise,0,12.40810540492558,0.6741893940873769
noise,0,3.3564460293102805,0.25291281776060553
noise,0,2.3879643787674842,0.2180897339838669
noise,0,4.4531557589812465,0.2965470494210535
noise,0,6.520288191907596,0.3892731268900252
noise,0,6.362341053160686,0.38178986746381793
noise,0,2.766743965691317,0.2312835968622247
noise,0,1.65323058446744,0.19406966056128952
noise,0,2.9048954394858,0.23623245729681025
noise,0,3.5188186113987654,0.2590978959749222
noise,0,2.2018983318257286,0.2118104906569617
noise,0,3.111599563040037,0.24377259173758384
noise,0,2.784719499038066,0.23192339364614148
noise,0,6.70523320772547,0.3981020299341408
noise,0,4.968473894563364,0.3184874751473096
noise,0,4.0588279482790774,0.2803632133127123
noise,0,4.594548226061423,0.30247987641484597
noise,0,6.681918967104896,0.39698526580737603
noise,0,3.266679666765868,0.24953565606313158
noise,0,12.07837807842724,0.6595409833454806
noise,0,3.846173266706341,0.27186287117351227
noise,0,5.83628402552845,0.35728457635787453
noise,0,3.7637114323811027,0.26861046122838417
noise,0,2.7730325557232556,0.2315072839964052
noise,0,5.31287377483559,0.33362132371166703
noise,0,8.945646605098373,0.5086748950475047
noise,0,5.055030659890182,0.32225670944447743
noise,0,4.3932222777662915,0.29405265493151755
noise,0,4.4870048238106115,0.29796122148899
noise,0,3.1208198036974775,0.24411269803100866
noise,0,3.1564141557627834,0.24542867568603485
noise,0,3.82163981490251,0.2708926628822981
noise,0,3.146757725746241,0.2450711900547795
noise,0,12.411197716010589,0.674325229657211
noise,0,4.591922974508933,0.3023691097445711
noise,0,1.7929522421870465,0.19847773709606534
noise,0,3.1317334422853738,0.24451568355584846
noise,0,6.0981326702168195,0.3693981259445372
noise,0,11.636321998746155,0.6394178031791948
noise,0,11.364873547499686,0.6268082830132907
noise,0,7.403210772810118,0.4319783399412439
noise,0,4.94875472582745,0.3176320668563459
noise,0,5.025120019295848,0.32095156049323575
noise,0,6.387898478619814,0.382997039487975
noise,0,7.476814847777301,0.4355939864477932
noise,0,3.057226762676791,0.24177348354500386
noise,0,5.593049526497296,0.3461928697753278
noise,0,7.658819578803421,0.44456326455070183
noise,0,5.3409481054927745,0.33487077423091066
noise,0,4.638614085333724,0.3043425610012685
noise,0,11.524884629224019,0.6342633406042993
noise,0,6.092220303825941,0.3691227194577476
noise,0,7.434849629013933,0.43353166790305064
noise,0,4.342856203067536,0.29196594627718014
noise,0,4.1275354905449015,0.2831440448702397
noise,0,9.232852772547712,0.5230197887103113
noise,0,4.107666654725221,0.28233817097200714
noise,0,5.823272034305721,0.3566872038457291
noise,0,7.869842767696863,0.4550076055901044
noise,0,7.103808895772991,0.4173492669373846
noise,0,11.608933280047975,0.638153877830226
noise,0,4.895562846052329,0.3153307710905722
noise,0,4.805581573650143,0.3114584025350552
noise,0,6.715465530845075,0.3985924993529058
noise,0,6.232638374827089,0.3756862756587838
noise,0,5.170717815475109,0.3273307345145492
noise,0,5.530529070126517,0.3433681210721446
noise,0,4.860778977042321,0.3138307557002069
noise,0,5.980382156273344,0.36392936375928125
noise,0,5.73939839911851,0.35284737190661336
noise,0,2.2770287158946307,0.21432990877668567
noise,0,7.685940197686387,0.4459030254816557
noise,0,5.7511157729721045,0.3533826795954866
noise,0,3.5013160543884725,0.2584264830611176
noise,0,6.409849128862042,0.38403500396040696
noise,0,10.484823717933802,0.5848070192262736
noise,0,3.647429597070583,0.2640662001278086
noise,0,3.8918037825413814,0.273673171270443
noise,0,1.690510453202173,0.19523848495285415
noise,0,6.830793858356918,0.40413443745704336
noise,0,3.467673637608246,0.2571391188352229
noise,0,3.6110851296933175,0.26265602258669746
noise,0,3.0356988985401356,0.24098506774380576
noise,0,5.134290244804138,0.32572859377353436
noise,0,3.806377207405263,0.2702901817018253
noise,0,3.5225913686230217,0.25924277065803064
noise,0,4.283923062561062,0.28953538085098934
noise,0,6.177620988410048,0.37310900440820305
noise,0,5.880152438002373,0.3593018102362702
noise,0,11.659617292439888,0.640491308986652
noise,0,4.966660492548993,0.3184087593868866
noise,0,7.250172437685935,0.4244842308816346
noise,0,8.987690711684321,0.5107763019103132
noise,0,7.63746018499619,0.44350867468399413
noise,0,4.524536760010463,0.29953378760422084
noise,0,12.237269136939414,0.6666400857651984
noise,0,4.694819027709428,0.3067277031973774
noise,0,8.202052981792585,0.47152692260028095
noise,0,10.163533774571466,0.5691246144123782
noise,0,5.994408142429749,0.3645789717613164
noise,0,5.812210499649926,0.35617972580999524
noise,0,7.538859356738406,0.43864713902770563
noise,0,5.465968894834422,0.34046280648536464
noise,0,4.045381507989204,0.2798209440366699
noise,0,4.062040704436948,0.2804928725388925
noise,0,6.676004224509891,0.3967021167071454
noise,0,3.1355242233678555,0.24465576318482057
noise,0,5.012466333698558,0.32040025755686147
noise,0,10.596927276851225,0.5902403834572673
noise,0,4.782973222377625,0.3104895486279907
noise,0,3.6635114018415704,0.264691726552838
noise,0,2.1425292299097034,0.20983497749994298
noise,0,2.858831989184605,0.23457428328895402
noise,0,3.1114917559408504,0.2437686169653707
noise,0,4.159489923900087,0.2844430213048536
noise,0,5.63034022548562,0.34788290107294695
noise,0,7.214383480015581,0.4227365533718359
noise,0,7.0378760797171145,0.41414624276477024
noise,0,3.62639679398697,0.2632495288778796
noise,0,6.478207482947519,0.38727415167741575
noise,0,7.751588391879708,0.4491492706195169
noise,0,1.8286149150986617,0.19961485222496472
noise,0,14.452876375866351,0.7569718923932304
noise,0,2.3322553315552366,0.21619572772948933
noise,0,1.6477626513330161,0.1938986735878664
noise,0,6.479367151089514,0.38732918931549865
noise,0,5.71100942144479,0.35155195522068
noise,0,2.38512986903803,0.21799307757119477
noise,0,5.65862094644433,0.3491671576858253
noise,0,5.081267138743586,0.323403824514572
noise,0,7.693220493504487,0.44626280741655905
noise,0,4.981261476584082,0.3190428497893722
noise,0,7.613271599360996,0.4423150124057987
noise,0,6.946028067373593,0.40969638505386385
noise,0,5.181510541522013,0.32780619151754914
noise,0,3.220853612833148,0.24782325183290932
noise,0,5.612240383240389,0.3470621264885641
noise,0,7.14568334515975,0.41938717804262526
noise,0,4.232538692318039,0.2874259612003847
noise,0,7.824985332876211,0.45278380751849523
noise,0,3.0289378827605833,0.24073782118770617
noise,0,2.471373001286522,0.22094778620300837
noise,0,7.139417917351829,0.41908208059662494
noise,0,5.073960155283816,0.32308413332639785
noise,0,4.697209732584913,0.30682938727159326
noise,0,7.252300727721229,0.42458822135377705
noise,0,4.916285558017991,0.31622625059390863
noise,0,4.045526624763227,0.27982679289484963
noise,0,13.269610877163727,0.710845902385478
noise,0,5.83827863550285,0.35737618695060164
noise,0,7.869434469662169,0.45498735606759144
noise,0,4.7867201749002675,0.31065000526540204
noise,0,5.253340335850122,0.3309795157559195
noise,0,12.38231065733967,0.67305517253586
noise,0,5.4629580139965395,0.3403276020943124
noise,0,6.715711921538193,0.3986043121957787
noise,0,3.6293571166169376,0.26336437542244795
noise,0,3.1945660771530147,0.2468445161735155
noise,0,10.428277004420467,0.5820584160286588
noise,0,10.635745220322214,0.5921167352145882
noise,0,2.5775740187181695,0.22462551962081145
noise,0,3.799931679010185,0.2700360023094562
noise,0,6.510051472632508,0.38878650274935883
noise,0,6.168046961997108,0.3726612429193789
noise,0,5.6043501391404495,0.34670461119282314
noise,0,7.475798647561699,0.43554402015828897
noise,0,3.358511628592924,0.252990883867628
noise,0,5.813394617174089,0.3562340350141056
noise,0,5.16172046587149,0.32693464082406504
noise,0,6.372933651622656,0.3822900190312167
noise,0,1.3321332836332946,0.18422216610423992
noise,0,9.93638923984633,0.5579512910927673
noise,0,7.351186661359739,0.42942710558297953
noise,0,5.568865912509773,0.34509892559585514
noise,0,8.202052981792585,0.47152692260028095
noise,0,4.144998075574857,0.28385346983060955
noise,0,6.180678804015624,0.3732520593089229
noise,0,1.6848511104756534,0.1950607066364291
noise,0,5.585328631278795,0.34584343815325463
noise,0,10.848163090801444,0.6023356067300393
noise,0,7.854544648138964,0.4542489982780161
noise,0,9.310076773230337,0.5268713584451071
noise,0,4.731693828657339,0.30829818906295403
noise,0,2.2879399968670984,0.21469761365217058
noise,0,4.087748669689384,0.2815317016257915
noise,0,11.140172211036266,0.6162374087608025
noise,0,5.549146055923652,0.34420811114241384
noise,0,6.379251566112299,0.3825884513544533
noise,0,11.175567228746306,0.6179101308959843
noise,0,11.608135317978824,0.638117024973946
noise,0,4.19978955981558,0.2860863462800354
noise,0,12.345542911451497,0.6714349554760829
noise,0,4.8095261702335215,0.3116276130727379
noise,0,4.836113224975993,0.31276942297680504
noise,0,1.922832791594207,0.20264251492329413
noise,0,1.883877119954787,0.20138655103244715
noise,0,3.4595500321407404,0.25682888937785353
noise,0,3.343525984266388,0.25242488642553845
noise,0,1.6948581399772924,0.1953751432324063
noise,0,7.287660041104008,0.4263168844846217
noise,0,6.368346516048195,0.38207339720023126
noise,0,6.152951802348321,0.3719557107903682
noise,0,6.606080044619246,0.39336001472637216
noise,0,12.761771350633179,0.6895310883516255
noise,0,8.846604157229569,0.5037235743976408
noise,0,4.723885634171392,0.307965268652691
noise,0,4.956716622112516,0.31797730240396505
noise,0,5.589519614036372,0.346033092677276
noise,0,7.624249726554936,0.4428566810821934
noise,0,0.8134668502630232,0.16914023133492134
noise,0,6.213489375134732,0.37478843958151825
noise,0,7.280324156223819,0.4259580946918207
noise,0,3.366093858556915,0.25327757901718784
noise,0,9.880895823095187,0.5552121598967822
noise,0,7.697665992358971,0.44648252540159244
noise,0,5.439533053516411,0.3392765873791371
noise,0,5.6377325949537855,0.34821838362372504
noise,0,7.041284210113741,0.41431163478136035
noise,0,11.302045170047785,0.6238642721398544
noise,0,7.194622030022094,0.42177237030667036
noise,0,10.437162452074588,0.5824906590847083
noise,0,6.748164514387565,0.4001612314212249
noise,0,5.053604005005003,0.32219439423049073
noise,0,3.879284934696826,0.27317576367941254
noise,0,5.948024100838468,0.3624326075397181
noise,0,5.670819729019995,0.3497217948498115
noise,0,4.869540492597879,0.3142082214684837
noise,0,6.938032363196397,0.40930969635075765
noise,0,6.225474682099668,0.3753502923227232
noise,0,7.470250722124188,0.43527125327514116
noise,0,11.441263778463764,0.6303751386290202
noise,0,13.215563323378587,0.7086190185485954
noise,0,5.7647245136573915,0.3540048560923892
noise,0,6.153760035998922,0.37199347300131597
noise,0,5.338747482024015,0.3347727513541441
noise,0,2.292925870667911,0.2148657876888408
noise,0,10.124455652368054,0.5672070267957335
noise,0,2.443223669853623,0.21998024069150604
noise,0,4.269056464240395,0.28892413814063955
noise,0,3.921837123597271,0.274868775545038
noise,0,5.122896921224543,0.32522833070776025
noise,0,7.400063002733024,0.4318238709699463
noise,0,5.004736377594146,0.3200637208584767
noise,0,11.63458240157195,0.6393375820528012
noise,0,7.555250716391584,0.4394545286941694
noise,0,6.853409744597017,0.405224133490793
noise,0,4.752010127946915,0.30916535518901883
noise,0,9.983197407666658,0.5602589909972925
noise,0,7.13799839672965,0.41901296507555025
noise,0,2.903241998974782,0.2361727975436374
noise,0,10.251240409209355,0.573420810500785
noise,0,14.031060418551784,0.741117679159429
noise,0,6.070685019221946,0.3681202968247563
noise,0,7.095440255719269,0.41694232480049187
noise,0,5.353501553072913,0.3354302176235727
noise,0,6.938464033364978,0.40933056994838823
noise,0,8.813194830545713,0.5020531653620067
noise,0,4.26152391934547,0.2886147288666066
noise,0,8.586890198013098,0.4907390045321696
noise,0,6.087952893194128,0.36892399031458945
noise,0,7.68114984217486,0.4456663237705988
noise,0,3.0300375529625585,0.24077802371059293
noise,0,3.1726026569330013,0.2460287706221889
noise,0,4.637792240535436,0.304307762225697
noise,0,3.939384152616231,0.2755688083940674
noise,0,4.801832928990305,0.31129764434815393
noise,0,5.246658810204181,0.33068368179906976
noise,0,7.051678154264691,0.4148161581784411
noise,0,10.661248536119313,0.5933480381582281
noise,0,6.306046790655904,0.3791360414771417
noise,0,3.503370612607859,0.25850523890393307
noise,0,5.081080240118244,0.32339564536922305
noise,0,8.38101683534088,0.4804542425412928
noise,0,10.112695680526386,0.5666295606410553
noise,0,11.15474453089249,0.6169264131353372
noise,0,6.371960979977326,0.3822440818985498
noise,0,15.000396456065065,0.7765464733709574
noise,0,5.212468988159987,0.3291719776768102
noise,0,4.1936930202692215,0.28583737864405445
noise,0,3.3649441530071433,0.2532340931713551
noise,0,4.389849988242576,0.293912666571355
noise,0,4.233248451475276,0.2874550355556316
noise,0,5.444486128735619,0.3394986869004842
noise,0,2.609398552137425,0.2257360310690853
noise,0,11.502247068344555,0.6332124413890535
noise,0,4.644610843450236,0.30459654509800815
noise,0,6.852583030550948,0.40518428359902403
noise,0,5.796917934842645,0.35547866960582536
noise,0,3.5880790457718756,0.26176588854742877
noise,0,6.201978486132032,0.37424914422006145
noise,0,7.176656727665055,0.4208963403193154
noise,0,5.739674932149205,0.3528600010574324
noise,0,7.026414754161552,0.41359018214567833
noise,0,5.226854929661508,0.32980762401392116
noise,0,3.8819986901172348,0.27328354058847787
noise,0,15.785366933547136,0.8026036118372021
noise,0,4.770635699258396,0.30996153812924715
noise,0,11.640618229299397,0.6396158895201601
noise,0,6.868834664822772,0.4059678856111568
noise,0,1.766900898255217,0.1976501669980034
noise,0,4.617442064335638,0.30344680417403136
noise,0,3.6195725320740184,0.2629849023801648
noise,0,3.5905376885835363,0.2618609235226967
noise,0,3.011922429488294,0.2401163425770858
noise,0,2.0717022426011735,0.207495947494008
noise,0,5.560059511153924,0.3447009749641859
noise,0,10.863481996527835,0.6030692357427938
noise,0,6.707565813284266,0.3982138215440696
noise,0,5.461399632085133,0.3402576327563797
noise,0,1.993383515430007,0.20493197936905844
noise,0,5.737827726773942,0.3527756438407614
noise,0,5.125630269316392,0.3253483114745587
noise,0,5.087394352509936,0.323672026296411
noise,0,5.349117865121114,0.33523480630447
noise,0,4.355639935416294,0.2924947625768306
noise,0,6.338121074249292,0.3806472132781605
noise,0,11.872411200593184,0.6502312806118755
noise,0,8.351357387733003,0.47897371235884595
noise,0,6.322830901043773,0.3799265301896438
noise,0,5.983505883776511,0.36407399512561
noise,0,3.0721303065384804,0.24232032479152554
noise,0,3.3850448815813334,0.25399508311132557
noise,0,6.486176197005685,0.3876524033792678
noise,0,3.673711596597328,0.26508896992161407
noise,0,7.876113676553098,0.4553186296831456
noise,0,2.314610933237031,0.21559833986007934
noise,0,6.630732377011319,0.39453717820496204
noise,0,7.537780912764993,0.4385940294221028
noise,0,6.533774803363146,0.3899145782943919
noise,0,9.870870991997924,0.554716975595772
noise,0,4.676702631240441,0.30595776801558766
noise,0,0.9787240301392351,0.1738359314281704
noise,0,1.4192069047815128,0.18685373173993444
noise,0,4.259454643543471,0.2885297651040212
noise,0,4.3185723324750676,0.2909629603942311
noise,0,5.738754241453728,0.35281795428572155
noise,0,5.42086671219611,0.33844021097327576
noise,0,6.7486606161201195,0.40018504773720154
noise,0,6.7834548465723845,0.4018565824017369
noise,0,2.612139215772145,0.22583184771190398
noise,0,6.860273892421935,0.4055550524929621
noise,0,13.7431619209267,0.7299179099499812
noise,0,3.624781896688223,0.2631868920554892
noise,0,7.285849610170463,0.4262283311403555
noise,0,10.691473756435602,0.5948057964871749
noise,0,4.004669360211988,0.27818301750933283
noise,0,2.6484380182774108,0.2271036106091502
noise,0,2.286745176455331,0.21465732644577654
noise,0,4.990420702835728,0.3194409582871059
noise,0,4.284328253304521,0.28955205105883575
noise,0,6.393155212690935,0.38324551411879965
noise,0,6.141069409318396,0.3714007234544174
noise,0,3.555021384085504,0.26049026011240317
noise,0,5.367557361850985,0.3360571624011233
noise,0,6.115555009381227,0.3702101775845526
noise,0,12.788509015465408,0.6906747155165743
noise,0,6.700457218302853,0.39787317076304146
noise,0,2.091657657742513,0.20815301288312776
noise,0,3.424754417069027,0.25550286612647133
noise,0,10.3346259736184,0.5774951056302167
noise,0,12.561115897227085,0.6808752304957405
noise,0,4.297311736058987,0.29008651358601284
noise,0,3.768717986110565,0.268807223189299
noise,0,7.132978781820344,0.4187685888498275
noise,0,8.88057985211157,0.505422215411662
noise,0,2.3329357760729925,0.21621878958369162
noise,0,5.231919602531247,0.33003155614222673
noise,0,3.3025017278248066,0.2508797245197829
noise,0,4.056028011402377,0.2802502443354159
noise,0,13.574088172691116,0.723200158284415
noise,0,6.919421563752078,0.40841007486132797
noise,0,12.326244800738513,0.6705829213076303
noise,0,5.181217156247399,0.32779326220066074
noise,0,5.775234787658299,0.35448571276587804
noise,0,3.7938466552035948,0.2697961776663571
noise,0,2.312029722113798,0.2155110480152436
noise,0,9.535975811203182,0.5381181202909134
noise,0,5.836772947152051,0.3573070311113777
noise,0,10.20829765923767,0.5713186579221607
noise,0,7.732937592967888,0.44822655220107155
noise,0,10.355884747749958,0.5785321671958703
noise,0,6.406956377200742,0.3838981558381363
noise,0,5.049351092536613,0.3220086677311027
noise,0,5.178409672400289,0.32766955125044545
noise,0,2.7098072155553803,0.22926522085633996
noise,0,5.675934020918296,0.3499544454238846
noise,0,14.377820606652772,0.7541997173173898
noise,0,4.996457656562162,0.319703500346163
noise,0,2.668946640802065,0.22782438208799277
noise,0,11.738717544386787,0.6441259144648668
noise,0,5.325885492697416,0.33420012216241907
noise,0,7.12589494844919,0.4184237855155933
noise,0,3.546080706123207,0.26014595001291085
noise,0,5.720396501642979,0.35198005613294764
noise,0,14.937004379727716,0.7743387778016755
noise,0,4.406798509757862,0.2946166162509428
noise,0,3.5340562193919944,0.25968334640121105
noise,0,4.352767567174167,0.2923758942675204
noise,0,2.9526778610434308,0.23796104614809188
noise,0,9.760161604681013,0.5492413876763611
noise,0,9.762505723467292,0.5493574541704426
noise,0,3.329367297048573,0.2518908937067391
noise,0,10.331476922508996,0.577341427899114
noise,0,6.158056637743428,0.37219424462030487
noise,0,5.3224441879110485,0.3340469944211613
noise,0,7.668797422905466,0.4450560782659341
noise,0,6.710075431787317,0.39833410846860257
noise,0,8.274839573207771,0.475155890409069
noise,0,3.785849477265071,0.26948119498135803
noise,0,6.298487099713112,0.37878020856119426
noise,0,3.3625701133850177,0.25314431438592316
noise,0,12.301296082440206,0.6694797429154428
noise,0,6.626222040358201,0.3943217150447061
noise,0,5.484916214579955,0.3413142363181139
noise,0,5.462691379057432,0.340315630035501
noise,0,5.086851794945282,0.32364827266429214
noise,0,5.8576386392181305,0.3582659148630291
noise,0,2.7110266484892334,0.22930831911518604
noise,0,3.580410540857409,0.2614696175648894
noise,0,3.92281789040299,0.2749078737614468
noise,0,6.323413807299121,0.3799539950605487
noise,0,7.19779927033562,0.42192735135732934
noise,0,5.2589379537441,0.33122746107691436
noise,0,2.2701018077946613,0.21409671309242478
noise,0,5.2022180203484405,0.3287194171309237
noise,0,3.2946686993710106,0.2505854129965711
noise,0,6.929507463608775,0.4088975382027164
noise,0,6.825831669879947,0.403895471495117
noise,0,6.4549849788087315,0.3861726233764435
noise,0,5.921477823874712,0.3612066685030711
noise,0,6.941038817815053,0.40945508154914134
noise,0,4.417714092264396,0.2950705097607703
noise,0,7.109748972364732,0.41763818359848637
noise,0,3.8602748600550028,0.27242152206207665
noise,0,11.172327087094192,0.6177571215350283
noise,0,4.255400351644883,0.28836334036671085
noise,0,3.714613490787861,0.2666857046936832
noise,0,5.858204163346961,0.35829191937426796
noise,0,8.486550697035694,0.4857248507758216
noise,0,6.424134481278932,0.3847110735749737
noise,0,10.48945590018459,0.5850319475059872
noise,0,6.486167702652182,0.3876520001047858
noise,0,5.0790073887492415,0.3233049395160218
noise,0,7.2983956575264655,0.4268420910302007
noise,0,14.950265998046824,0.7748019028996869
noise,0,6.576885303496892,0.3919675496901703
noise,0,13.962010885282918,0.7384592694353204
noise,0,4.740847532289036,0.30868873223836824
noise,0,4.3311154813363,0.29148077080319995
noise,0,5.635198763086723,0.34810337558993903
noise,0,4.00819146951894,0.27832448556415035
noise,0,6.414616965619109,0.384260597267766
noise,0,8.584223305125253,0.4906057062951466
noise,0,4.4375839928961645,0.29589778577463344
noise,0,8.399850968705785,0.4813945782645552
noise,0,3.8165150488752357,0.2706902720948928
noise,0,4.109120183102488,0.2823970784504765
noise,0,2.7278466557500733,0.2299033669762967
noise,0,3.7584112643077514,0.2684022592976647
noise,0,8.451325797616898,0.4839652256700629
noise,0,1.3783328198727025,0.18561483320503208
noise,0,1.5800077365002565,0.19178940959544089
noise,0,1.5749132815561386,0.1916315247371963
noise,0,5.366438578009248,0.33600723900809765
noise,0,6.583046419219003,0.39226126324925104
noise,0,4.1138579822428785,0.2825891400594158
noise,0,3.5481361127692046,0.26022507865154
noise,0,3.355861274887226,0.25289072077226793
noise,0,5.2589379537441,0.33122746107691436
noise,0,4.431930736147409,0.2956622776605196
noise,0,3.7277119967738424,0.2671983381256674
noise,0,7.015089138121148,0.41304092198178183
noise,0,5.994408142429749,0.3645789717613164
noise,0,6.663685493563647,0.39611261977201423
noise,0,3.3418132262569906,0.2523602501723052
noise,0,3.1982124044929074,0.24698012062366537
noise,0,5.394695160206636,0.33726924997058755
noise,0,5.943062708344393,0.3622033478886515
noise,0,2.520912293967619,0.2226579387821942
noise,0,3.9622232775522943,0.2764816204141556
noise,0,7.112720357204237,0.4177827286518
noise,0,4.811835950078288,0.3117267185696093
noise,0,3.551203064492505,0.2603431785580066
noise,0,4.978547754959273,0.31892494771957774
noise,0,6.228568109818023,0.3754953620343041
noise,0,7.304064947422529,0.42711951000916426
noise,0,6.91851884279873,0.4083664540687435
noise,0,3.8794444535091825,0.2731820982417235
noise,0,3.642702238791907,0.2638825026555578
noise,0,8.121625655116887,0.4675205183418872
noise,0,3.3315998522205614,0.251975044402757
noise,0,6.533976601908902,0.38992417915308897
noise,0,3.4652214130403776,0.2570454458974327
noise,0,4.660345341533486,0.305263523059868
noise,0,7.785845201140633,0.45084497899992215
noise,0,3.365642628461212,0.25326051134387517
noise,0,4.948756138954562,0.3176321281131305
noise,0,6.65814701396493,0.395847681212576
noise,0,12.965211112753057,0.6981736419909491
noise,0,5.113008410710406,0.3247944644681923
noise,0,3.1125725816803493,0.24380846824010147
noise,0,4.016922938758996,0.27867538183409934
noise,0,3.7964639496555104,0.2698993147391965
noise,0,6.6269312136047045,0.3943555902195568
noise,0,10.137187052324048,0.5678319885096076
noise,0,3.9709064263076224,0.2768291498329565
noise,0,4.003931191935859,0.27815337405166557
noise,0,3.019263500857543,0.24038433587368804
noise,0,9.378708780297975,0.5302917320786803
noise,0,2.9472386992178503,0.23776383966200618
noise,0,6.009617673915063,0.36528395312247025
noise,0,3.8846686626680578,0.273389604547863
noise,0,6.923964785964245,0.4086296318702453
noise,0,9.23290359852356,0.5230223246218648
noise,0,4.489503752375931,0.2980657773858363
noise,0,4.820683493280181,0.3121064986855028
noise,0,5.220011366275595,0.3295051617203187
noise,0,2.761929708652994,0.23111245436489597
noise,0,6.652580127208387,0.39558144536480905
noise,0,11.732532401512435,0.6438423026957365
noise,0,4.928978043638368,0.3167753986298601
noise,0,4.844894753615354,0.3131470556854129
noise,0,3.759926832090686,0.26846178360750395
noise,0,8.440152747106973,0.48340716792233085
noise,0,4.221460979605233,0.2869724046807769
noise,0,4.454870621768089,0.29661860085403846
noise,0,10.986174987072452,0.6089280931226471
noise,0,6.2788103462030955,0.37785464059455587
noise,0,5.050199751748386,0.3220457245511562
noise,0,5.888427963831328,0.35968291075795544
noise,0,3.7385473358538306,0.2676228713518205
noise,0,6.850743430462986,0.40509561429716406
noise,0,3.9951995485281957,0.27780287494190764
noise,0,9.536061787101172,0.5381223940985688
noise,0,2.901089433069248,0.23609514385030073
noise,0,3.5340562193919944,0.25968334640121105
noise,0,4.821350859802661,0.31213515559301525
noise,0,5.674358279323426,0.34988275687940756
noise,0,7.59065185142407,0.44119937175741525
noise,0,1.3510759355997024,0.18479220424244547
noise,0,6.863318725281271,0.40570187068614133
noise,0,3.1092736894744766,0.24368684815642958
noise,0,1.721527023999394,0.19621499526443711
noise,0,9.786240548840773,0.5505323535978851
noise,0,3.8131944387390577,0.2705591830526286
noise,0,7.611469021257521,0.4422260849875162
noise,0,4.965275166376287,0.31834863243480505
noise,0,3.573468326400455,0.2612015935296976
noise,0,6.507486598951905,0.3886646107201632
noise,0,5.841390807506185,0.3575191469555216
noise,0,7.038555336490932,0.4141792046455028
noise,0,4.96149121923116,0.31818442960543236
noise,0,2.0985949742609766,0.20838179459168632
noise,0,4.504316736629509,0.29868599010047103
noise,0,3.33288893789361,0.25202364181724396
noise,0,12.0434454027511,0.6579704359091427
noise,0,3.6163359316386368,0.262859455563925
noise,0,6.883346994310595,0.4066680289653411
noise,0,5.971859051165262,0.36353486153365056
noise,0,10.71024505025184,0.5957102943819766
noise,0,3.674900929861214,0.26513531293293835
noise,0,5.100205717544086,0.32423318272145935
noise,0,5.881732933524165,0.3593745807564532
noise,0,7.750968347099771,0.44911858923598097
noise,0,6.033389476454129,0.366386963537973
noise,0,2.859061433588197,0.23458252270062224
noise,0,4.090967061621092,0.28166191779149313
noise,0,12.85570840714277,0.6935386710872542
noise,0,1.5143972982762888,0.18976362631202623
noise,0,3.7237519097367313,0.2670432870322283
noise,0,2.331466608139396,0.21616899827959693
noise,0,5.983894375852508,0.3640919843728872
noise,0,3.2247455639846274,0.24796837761283233
noise,0,4.872420451891334,0.3143323502893986
noise,0,4.552232677621802,0.30069727094481097
noise,0,5.673659849536234,0.3498509839054834
noise,0,7.785063723167093,0.45080628304254444
noise,0,4.928978043638368,0.3167753986298601
noise,0,2.08569568421369,0.20795654441864905
noise,0,4.843699565808065,0.31309564435444437
noise,0,6.199002409881594,0.3741097631482227
noise,0,6.0416438034893805,0.3667702923748287
noise,0,6.2508150266605185,0.3765393127773404
noise,0,8.589848096402084,0.4908868495198486
noise,0,6.544984216315158,0.390448011442222
noise,0,5.728362925687418,0.3523435542680592
noise,0,4.2944857680934225,0.28997013350334844
noise,0,5.962912020533633,0.36312093482426266
noise,0,6.602992437444764,0.3932126665827187
noise,0,5.177572840888606,0.32763268114658944
noise,0,3.824824704467627,0.2710184906389738
noise,0,5.211225757367516,0.32911707451473277
noise,0,2.360903331559009,0.21716821656037902
noise,0,13.568869374013588,0.7229911680283643
noise,0,3.407336765584154,0.25484078955086453
noise,0,6.381631629665506,0.3827008987548292
noise,0,10.2948077455669,0.575550830211219
noise,0,6.1215684913797395,0.3704906355299974
noise,0,8.917303218453574,0.5072580864269415
noise,0,7.612222103475764,0.4422632366902716
noise,0,13.939615036178909,0.7375932516763478
noise,0,2.8334779746039684,0.2336650504425449
noise,0,4.995767495100644,0.319673480012198
noise,0,7.13863173279897,0.4190438013977394
noise,0,3.430341594908947,0.2557154840741528
noise,0,3.7202849160253986,0.26690758921017177
noise,0,4.244028487888782,0.28789684125268333
noise,0,3.8679227888674275,0.2727248037660058
noise,0,4.290842141152337,0.28982012105430216
noise,0,12.549836637355007,0.6803848697418688
noise,0,2.1869314067809613,0.21131118569280588
noise,0,3.377891163617884,0.2537240789851084
noise,0,9.12892081026802,0.5178319099303575
noise,0,5.501360051441164,0.3420539985463928
noise,0,4.163100499673973,0.28459002002430084
noise,0,4.773091476046046,0.31006659888510146
noise,0,6.025949129588298,0.3660415806037653
noise,0,1.574342115597132,0.19161382962434562
noise,0,3.578100299151867,0.2613804043594927
noise,0,3.4405754601947427,0.2561052310457958
noise,0,3.492423331516668,0.2580857852725787
noise,0,5.003745243763015,0.32002058370649134
noise,0,13.242241877204918,0.709719498407935
noise,0,7.032524695716701,0.41388658631728403
noise,0,3.868572387028201,0.27275057356432103
noise,0,3.0032200498953188,0.2397989181554768
noise,0,7.523639520483849,0.43789774576839124
noise,0,10.679769777700749,0.594241511979161
noise,0,4.791745712759747,0.3108652865675392
noise,0,4.667985092020703,0.30558766359338063
noise,0,5.73653015279345,0.3527163923919556
noise,0,5.445033826735224,0.3395232504186467
noise,0,5.170568822231188,0.32732417332314917
noise,0,4.423188643597607,0.2952983064609248
noise,0,8.277473994110805,0.4752872879625631
noise,0,3.846332558837904,0.2718691777047627
noise,0,6.315388969225067,0.3795759553326868
noise,0,7.894797697858566,0.4562455241803823
noise,0,3.871418413918401,0.27286349443634955
noise,0,6.519609448292593,0.389240854533543
noise,0,7.240551600642576,0.424014230285362
noise,0,5.262196539161184,0.33137184260333613
noise,0,3.9111221467226063,0.2744418485616104
noise,0,5.803390133067046,0.35577529876373487
