filename,y_true,probs
/tmp/unfreezing_ablation_topk2_fo_4tmtl/data/PhysioNet2022/training_data/46579_AV.wav,1.0,0.4645406
/tmp/unfreezing_ablation_topk2_fo_4tmtl/data/PhysioNet2022/training_data/46579_MV.wav,1.0,0.09058794
/tmp/unfreezing_ablation_topk2_fo_4tmtl/data/PhysioNet2022/training_data/46579_PV.wav,1.0,0.02726916
/tmp/unfreezing_ablation_topk2_fo_4tmtl/data/PhysioNet2022/training_data/46579_TV.wav,1.0,0.03082142
/tmp/unfreezing_ablation_topk2_fo_4tmtl/data/PhysioNet2022/training_data/49572_MV.wav,1.0,0.99528056
/tmp/unfreezing_ablation_topk2_fo_4tmtl/data/PhysioNet2022/training_data/49572_PV.wav,1.0,0.0118292235
/tmp/unfreezing_ablation_topk2_fo_4tmtl/data/PhysioNet2022/training_data/49572_TV.wav,1.0,0.5582716
/tmp/unfreezing_ablation_topk2_fo_4tmtl/data/PhysioNet2022/training_data/49574_AV.wav,1.0,0.34066537
/tmp/unfreezing_ablation_topk2_fo_4tmtl/data/PhysioNet2022/training_data/49574_MV.wav,1.0,0.09399275
/tmp/unfreezing_ablation_topk2_fo_4tmtl/data/PhysioNet2022/training_data/49574_PV.wav,1.0,0.16354851
/tmp/unfreezing_ablation_topk2_fo_4tmtl/data/PhysioNet2022/training_data/49574_TV.wav,1.0,0.39470634
/tmp/unfreezing_ablation_topk2_fo_4tmtl/data/PhysioNet2022/training_data/49585_AV.wav,1.0,0.016856613
/tmp/unfreezing_ablation_topk2_fo_4tmtl/data/PhysioNet2022/training_data/49585_MV.wav,1.0,0.5373163
/tmp/unfreezing_ablation_topk2_fo_4tmtl/data/PhysioNet2022/training_data/49585_PV.wav,1.0,0.094267294
/tmp/unfreezing_ablation_topk2_fo_4tmtl/data/PhysioNet2022/training_data/49585_TV.wav,1.0,0.05655705
/tmp/unfreezing_ablation_topk2_fo_4tmtl/data/PhysioNet2022/training_data/49622_AV.wav,1.0,0.048054874
/tmp/unfreezing_ablation_topk2_fo_4tmtl/data/PhysioNet2022/training_data/49622_MV.wav,1.0,0.042435702
/tmp/unfreezing_ablation_topk2_fo_4tmtl/data/PhysioNet2022/training_data/49638_AV.wav,1.0,0.94542474
/tmp/unfreezing_ablation_topk2_fo_4tmtl/data/PhysioNet2022/training_data/49638_MV.wav,1.0,0.83352506
/tmp/unfreezing_ablation_topk2_fo_4tmtl/data/PhysioNet2022/training_data/49638_PV.wav,1.0,0.5938175
/tmp/unfreezing_ablation_topk2_fo_4tmtl/data/PhysioNet2022/training_data/49669_MV.wav,1.0,0.03999331
/tmp/unfreezing_ablation_topk2_fo_4tmtl/data/PhysioNet2022/training_data/49669_PV.wav,1.0,0.08060527
/tmp/unfreezing_ablation_topk2_fo_4tmtl/data/PhysioNet2022/training_data/49748_AV_1.wav,1.0,0.055597037
/tmp/unfreezing_ablation_topk2_fo_4tmtl/data/PhysioNet2022/training_data/49748_AV_2.wav,1.0,0.33335432
/tmp/unfreezing_ablation_topk2_fo_4tmtl/data/PhysioNet2022/training_data/49748_MV.wav,1.0,0.49338576
/tmp/unfreezing_ablation_topk2_fo_4tmtl/data/PhysioNet2022/training_data/49748_PV_1.wav,1.0,0.12146224
/tmp/unfreezing_ablation_topk2_fo_4tmtl/data/PhysioNet2022/training_data/49748_PV_2.wav,1.0,0.03961352
/tmp/unfreezing_ablation_topk2_fo_4tmtl/data/PhysioNet2022/training_data/49748_TV.wav,1.0,0.014651224
/tmp/unfreezing_ablation_topk2_fo_4tmtl/data/PhysioNet2022/training_data/49761_AV.wav,1.0,0.5304986
/tmp/unfreezing_ablation_topk2_fo_4tmtl/data/PhysioNet2022/training_data/49761_MV.wav,1.0,0.0928886
/tmp/unfreezing_ablation_topk2_fo_4tmtl/data/PhysioNet2022/training_data/49808_MV.wav,1.0,0.09878072
/tmp/unfreezing_ablation_topk2_fo_4tmtl/data/PhysioNet2022/training_data/49808_PV.wav,1.0,0.13060053
/tmp/unfreezing_ablation_topk2_fo_4tmtl/data/PhysioNet2022/training_data/49808_TV.wav,1.0,0.087278925
/tmp/unfreezing_ablation_topk2_fo_4tmtl/data/PhysioNet2022/training_data/49821_AV.wav,1.0,0.018783864
/tmp/unfreezing_ablation_topk2_fo_4tmtl/data/PhysioNet2022/training_data/49821_MV.wav,1.0,0.96659875
/tmp/unfreezing_ablation_topk2_fo_4tmtl/data/PhysioNet2022/training_data/49821_PV.wav,1.0,0.4049947
/tmp/unfreezing_ablation_topk2_fo_4tmtl/data/PhysioNet2022/training_data/49821_TV.wav,1.0,0.0036859682
/tmp/unfreezing_ablation_topk2_fo_4tmtl/data/PhysioNet2022/training_data/49823_MV.wav,1.0,0.07902843
/tmp/unfreezing_ablation_topk2_fo_4tmtl/data/PhysioNet2022/training_data/49823_PV.wav,1.0,0.10317833
/tmp/unfreezing_ablation_topk2_fo_4tmtl/data/PhysioNet2022/training_data/49823_TV.wav,1.0,0.04235248
/tmp/unfreezing_ablation_topk2_fo_4tmtl/data/PhysioNet2022/training_data/49832_AV.wav,1.0,0.20296173
/tmp/unfreezing_ablation_topk2_fo_4tmtl/data/PhysioNet2022/training_data/49832_MV.wav,1.0,0.43149287
/tmp/unfreezing_ablation_topk2_fo_4tmtl/data/PhysioNet2022/training_data/49839_AV.wav,1.0,0.002431047
/tmp/unfreezing_ablation_topk2_fo_4tmtl/data/PhysioNet2022/training_data/49839_MV.wav,1.0,0.029075628
/tmp/unfreezing_ablation_topk2_fo_4tmtl/data/PhysioNet2022/training_data/49839_PV.wav,1.0,0.17130403
/tmp/unfreezing_ablation_topk2_fo_4tmtl/data/PhysioNet2022/training_data/49839_TV.wav,1.0,0.06406691
/tmp/unfreezing_ablation_topk2_fo_4tmtl/data/PhysioNet2022/training_data/49854_AV.wav,1.0,0.047015782
/tmp/unfreezing_ablation_topk2_fo_4tmtl/data/PhysioNet2022/training_data/49854_MV.wav,1.0,0.061719105
/tmp/unfreezing_ablation_topk2_fo_4tmtl/data/PhysioNet2022/training_data/49854_PV.wav,1.0,0.13754378
/tmp/unfreezing_ablation_topk2_fo_4tmtl/data/PhysioNet2022/training_data/49854_TV.wav,1.0,0.80610514
/tmp/unfreezing_ablation_topk2_fo_4tmtl/data/PhysioNet2022/training_data/49873_AV.wav,1.0,0.23437408
/tmp/unfreezing_ablation_topk2_fo_4tmtl/data/PhysioNet2022/training_data/49873_MV.wav,1.0,0.7178869
/tmp/unfreezing_ablation_topk2_fo_4tmtl/data/PhysioNet2022/training_data/49876_AV.wav,1.0,0.03286234
/tmp/unfreezing_ablation_topk2_fo_4tmtl/data/PhysioNet2022/training_data/49876_MV.wav,1.0,0.007218405
/tmp/unfreezing_ablation_topk2_fo_4tmtl/data/PhysioNet2022/training_data/49876_PV.wav,1.0,0.011829201
/tmp/unfreezing_ablation_topk2_fo_4tmtl/data/PhysioNet2022/training_data/49876_TV.wav,1.0,0.11567974
/tmp/unfreezing_ablation_topk2_fo_4tmtl/data/PhysioNet2022/training_data/49959_AV.wav,1.0,0.07484603
/tmp/unfreezing_ablation_topk2_fo_4tmtl/data/PhysioNet2022/training_data/49959_MV.wav,1.0,0.038002994
/tmp/unfreezing_ablation_topk2_fo_4tmtl/data/PhysioNet2022/training_data/49980_AV.wav,1.0,0.24029703
/tmp/unfreezing_ablation_topk2_fo_4tmtl/data/PhysioNet2022/training_data/49980_MV.wav,1.0,0.018882757
/tmp/unfreezing_ablation_topk2_fo_4tmtl/data/PhysioNet2022/training_data/49980_PV.wav,1.0,0.7761829
/tmp/unfreezing_ablation_topk2_fo_4tmtl/data/PhysioNet2022/training_data/49980_TV.wav,1.0,0.5764876
/tmp/unfreezing_ablation_topk2_fo_4tmtl/data/PhysioNet2022/training_data/49999_AV.wav,1.0,0.17869921
/tmp/unfreezing_ablation_topk2_fo_4tmtl/data/PhysioNet2022/training_data/49999_MV.wav,1.0,0.38556337
/tmp/unfreezing_ablation_topk2_fo_4tmtl/data/PhysioNet2022/training_data/49999_PV.wav,1.0,0.26908866
/tmp/unfreezing_ablation_topk2_fo_4tmtl/data/PhysioNet2022/training_data/49999_TV.wav,1.0,0.417388
/tmp/unfreezing_ablation_topk2_fo_4tmtl/data/PhysioNet2022/training_data/50004_MV.wav,1.0,0.061425816
/tmp/unfreezing_ablation_topk2_fo_4tmtl/data/PhysioNet2022/training_data/50004_PV.wav,1.0,0.58378774
/tmp/unfreezing_ablation_topk2_fo_4tmtl/data/PhysioNet2022/training_data/50004_TV.wav,1.0,0.41596022
/tmp/unfreezing_ablation_topk2_fo_4tmtl/data/PhysioNet2022/training_data/50005_MV.wav,1.0,0.042048622
/tmp/unfreezing_ablation_topk2_fo_4tmtl/data/PhysioNet2022/training_data/50023_AV.wav,1.0,0.13974835
/tmp/unfreezing_ablation_topk2_fo_4tmtl/data/PhysioNet2022/training_data/50023_MV.wav,1.0,0.97063553
/tmp/unfreezing_ablation_topk2_fo_4tmtl/data/PhysioNet2022/training_data/50023_PV.wav,1.0,0.041952163
/tmp/unfreezing_ablation_topk2_fo_4tmtl/data/PhysioNet2022/training_data/50023_TV.wav,1.0,0.39755338
/tmp/unfreezing_ablation_topk2_fo_4tmtl/data/PhysioNet2022/training_data/50061_AV.wav,1.0,0.08566234
/tmp/unfreezing_ablation_topk2_fo_4tmtl/data/PhysioNet2022/training_data/50061_MV.wav,1.0,0.035731275
/tmp/unfreezing_ablation_topk2_fo_4tmtl/data/PhysioNet2022/training_data/50061_PV.wav,1.0,0.98052853
/tmp/unfreezing_ablation_topk2_fo_4tmtl/data/PhysioNet2022/training_data/50061_TV.wav,1.0,0.06434286
/tmp/unfreezing_ablation_topk2_fo_4tmtl/data/PhysioNet2022/training_data/50066_AV.wav,1.0,0.09420844
/tmp/unfreezing_ablation_topk2_fo_4tmtl/data/PhysioNet2022/training_data/50066_MV.wav,1.0,0.14133433
/tmp/unfreezing_ablation_topk2_fo_4tmtl/data/PhysioNet2022/training_data/50070_AV.wav,1.0,0.54211307
/tmp/unfreezing_ablation_topk2_fo_4tmtl/data/PhysioNet2022/training_data/50070_MV.wav,1.0,0.39040834
/tmp/unfreezing_ablation_topk2_fo_4tmtl/data/PhysioNet2022/training_data/50070_PV.wav,1.0,0.25498998
/tmp/unfreezing_ablation_topk2_fo_4tmtl/data/PhysioNet2022/training_data/50070_TV.wav,1.0,0.9986437
/tmp/unfreezing_ablation_topk2_fo_4tmtl/data/PhysioNet2022/training_data/50074_AV.wav,1.0,0.07267325
/tmp/unfreezing_ablation_topk2_fo_4tmtl/data/PhysioNet2022/training_data/50074_MV.wav,1.0,0.029678753
/tmp/unfreezing_ablation_topk2_fo_4tmtl/data/PhysioNet2022/training_data/50074_PV.wav,1.0,0.06616529
/tmp/unfreezing_ablation_topk2_fo_4tmtl/data/PhysioNet2022/training_data/50074_TV.wav,1.0,0.2986855
/tmp/unfreezing_ablation_topk2_fo_4tmtl/data/PhysioNet2022/training_data/50105_MV.wav,1.0,0.042969618
/tmp/unfreezing_ablation_topk2_fo_4tmtl/data/PhysioNet2022/training_data/50105_PV.wav,1.0,0.61047584
/tmp/unfreezing_ablation_topk2_fo_4tmtl/data/PhysioNet2022/training_data/50105_TV.wav,1.0,0.091589384
/tmp/unfreezing_ablation_topk2_fo_4tmtl/data/PhysioNet2022/training_data/50118_MV.wav,1.0,0.34541824
/tmp/unfreezing_ablation_topk2_fo_4tmtl/data/PhysioNet2022/training_data/50118_PV.wav,1.0,0.026242008
/tmp/unfreezing_ablation_topk2_fo_4tmtl/data/PhysioNet2022/training_data/50118_TV.wav,1.0,0.020047026
/tmp/unfreezing_ablation_topk2_fo_4tmtl/data/PhysioNet2022/training_data/50122_MV.wav,1.0,0.92707896
/tmp/unfreezing_ablation_topk2_fo_4tmtl/data/PhysioNet2022/training_data/50122_PV.wav,1.0,0.35526344
/tmp/unfreezing_ablation_topk2_fo_4tmtl/data/PhysioNet2022/training_data/50122_TV.wav,1.0,0.05814275
/tmp/unfreezing_ablation_topk2_fo_4tmtl/data/PhysioNet2022/training_data/50129_AV.wav,1.0,0.009762972
/tmp/unfreezing_ablation_topk2_fo_4tmtl/data/PhysioNet2022/training_data/50129_MV.wav,1.0,0.2864646
/tmp/unfreezing_ablation_topk2_fo_4tmtl/data/PhysioNet2022/training_data/50129_PV.wav,1.0,0.0357587
/tmp/unfreezing_ablation_topk2_fo_4tmtl/data/PhysioNet2022/training_data/50129_TV.wav,1.0,0.08072207
/tmp/unfreezing_ablation_topk2_fo_4tmtl/data/PhysioNet2022/training_data/50161_MV.wav,1.0,0.23156513
/tmp/unfreezing_ablation_topk2_fo_4tmtl/data/PhysioNet2022/training_data/50161_PV.wav,1.0,0.85732293
/tmp/unfreezing_ablation_topk2_fo_4tmtl/data/PhysioNet2022/training_data/50161_TV.wav,1.0,0.09531844
/tmp/unfreezing_ablation_topk2_fo_4tmtl/data/PhysioNet2022/training_data/50204_AV.wav,1.0,0.050363943
/tmp/unfreezing_ablation_topk2_fo_4tmtl/data/PhysioNet2022/training_data/50204_MV_1.wav,1.0,0.7295288
/tmp/unfreezing_ablation_topk2_fo_4tmtl/data/PhysioNet2022/training_data/50204_MV_2.wav,1.0,0.04639433
/tmp/unfreezing_ablation_topk2_fo_4tmtl/data/PhysioNet2022/training_data/50206_MV.wav,1.0,0.8583832
/tmp/unfreezing_ablation_topk2_fo_4tmtl/data/PhysioNet2022/training_data/50206_PV.wav,1.0,0.9562439
/tmp/unfreezing_ablation_topk2_fo_4tmtl/data/PhysioNet2022/training_data/50206_TV.wav,1.0,0.56365526
/tmp/unfreezing_ablation_topk2_fo_4tmtl/data/PhysioNet2022/training_data/50219_AV.wav,1.0,0.04480769
/tmp/unfreezing_ablation_topk2_fo_4tmtl/data/PhysioNet2022/training_data/50219_MV.wav,1.0,0.031049877
/tmp/unfreezing_ablation_topk2_fo_4tmtl/data/PhysioNet2022/training_data/50219_PV.wav,1.0,0.034325317
/tmp/unfreezing_ablation_topk2_fo_4tmtl/data/PhysioNet2022/training_data/50220_AV.wav,1.0,0.07999026
/tmp/unfreezing_ablation_topk2_fo_4tmtl/data/PhysioNet2022/training_data/50220_MV.wav,1.0,0.9973514
/tmp/unfreezing_ablation_topk2_fo_4tmtl/data/PhysioNet2022/training_data/50221_AV.wav,1.0,0.15930139
/tmp/unfreezing_ablation_topk2_fo_4tmtl/data/PhysioNet2022/training_data/50221_MV.wav,1.0,0.13971049
/tmp/unfreezing_ablation_topk2_fo_4tmtl/data/PhysioNet2022/training_data/50228_AV.wav,1.0,0.15894407
/tmp/unfreezing_ablation_topk2_fo_4tmtl/data/PhysioNet2022/training_data/50228_MV.wav,1.0,0.046532433
/tmp/unfreezing_ablation_topk2_fo_4tmtl/data/PhysioNet2022/training_data/50230_AV.wav,1.0,0.07551066
/tmp/unfreezing_ablation_topk2_fo_4tmtl/data/PhysioNet2022/training_data/50230_MV.wav,1.0,0.7034451
/tmp/unfreezing_ablation_topk2_fo_4tmtl/data/PhysioNet2022/training_data/50230_PV.wav,1.0,0.92412716
/tmp/unfreezing_ablation_topk2_fo_4tmtl/data/PhysioNet2022/training_data/50230_TV.wav,1.0,0.037682425
/tmp/unfreezing_ablation_topk2_fo_4tmtl/data/PhysioNet2022/training_data/50238_AV.wav,1.0,0.042900275
/tmp/unfreezing_ablation_topk2_fo_4tmtl/data/PhysioNet2022/training_data/50238_MV.wav,1.0,0.032766696
/tmp/unfreezing_ablation_topk2_fo_4tmtl/data/PhysioNet2022/training_data/50238_PV.wav,1.0,0.08109505
/tmp/unfreezing_ablation_topk2_fo_4tmtl/data/PhysioNet2022/training_data/50238_TV.wav,1.0,0.06099412
/tmp/unfreezing_ablation_topk2_fo_4tmtl/data/PhysioNet2022/training_data/50260_AV.wav,1.0,0.07868373
/tmp/unfreezing_ablation_topk2_fo_4tmtl/data/PhysioNet2022/training_data/50260_MV.wav,1.0,0.865257
/tmp/unfreezing_ablation_topk2_fo_4tmtl/data/PhysioNet2022/training_data/50260_PV.wav,1.0,0.2500889
/tmp/unfreezing_ablation_topk2_fo_4tmtl/data/PhysioNet2022/training_data/50260_TV.wav,1.0,0.045405574
/tmp/unfreezing_ablation_topk2_fo_4tmtl/data/PhysioNet2022/training_data/50271_AV.wav,1.0,0.17196815
/tmp/unfreezing_ablation_topk2_fo_4tmtl/data/PhysioNet2022/training_data/50271_MV.wav,1.0,0.049094792
/tmp/unfreezing_ablation_topk2_fo_4tmtl/data/PhysioNet2022/training_data/50271_PV.wav,1.0,0.04306027
/tmp/unfreezing_ablation_topk2_fo_4tmtl/data/PhysioNet2022/training_data/50271_TV.wav,1.0,0.054808743
/tmp/unfreezing_ablation_topk2_fo_4tmtl/data/PhysioNet2022/training_data/50284_AV.wav,1.0,0.018945053
/tmp/unfreezing_ablation_topk2_fo_4tmtl/data/PhysioNet2022/training_data/50284_MV.wav,1.0,0.07814052
/tmp/unfreezing_ablation_topk2_fo_4tmtl/data/PhysioNet2022/training_data/50284_PV.wav,1.0,0.034060016
/tmp/unfreezing_ablation_topk2_fo_4tmtl/data/PhysioNet2022/training_data/50284_TV.wav,1.0,0.06935083
/tmp/unfreezing_ablation_topk2_fo_4tmtl/data/PhysioNet2022/training_data/50291_AV.wav,1.0,0.022038246
/tmp/unfreezing_ablation_topk2_fo_4tmtl/data/PhysioNet2022/training_data/50291_MV.wav,1.0,0.99981576
/tmp/unfreezing_ablation_topk2_fo_4tmtl/data/PhysioNet2022/training_data/50291_PV.wav,1.0,0.039543007
/tmp/unfreezing_ablation_topk2_fo_4tmtl/data/PhysioNet2022/training_data/50303_AV.wav,1.0,0.09687104
/tmp/unfreezing_ablation_topk2_fo_4tmtl/data/PhysioNet2022/training_data/50303_MV.wav,1.0,0.09758999
/tmp/unfreezing_ablation_topk2_fo_4tmtl/data/PhysioNet2022/training_data/50303_PV.wav,1.0,0.033889476
/tmp/unfreezing_ablation_topk2_fo_4tmtl/data/PhysioNet2022/training_data/50314_AV.wav,1.0,0.027729923
/tmp/unfreezing_ablation_topk2_fo_4tmtl/data/PhysioNet2022/training_data/50314_MV.wav,1.0,0.3125815
/tmp/unfreezing_ablation_topk2_fo_4tmtl/data/PhysioNet2022/training_data/50314_PV.wav,1.0,0.14405218
/tmp/unfreezing_ablation_topk2_fo_4tmtl/data/PhysioNet2022/training_data/50314_TV.wav,1.0,0.7742695
/tmp/unfreezing_ablation_topk2_fo_4tmtl/data/PhysioNet2022/training_data/50316_AV.wav,1.0,0.010262173
/tmp/unfreezing_ablation_topk2_fo_4tmtl/data/PhysioNet2022/training_data/50316_MV.wav,1.0,0.037657622
/tmp/unfreezing_ablation_topk2_fo_4tmtl/data/PhysioNet2022/training_data/50317_AV.wav,1.0,0.061112557
/tmp/unfreezing_ablation_topk2_fo_4tmtl/data/PhysioNet2022/training_data/50317_PV.wav,1.0,0.998221
/tmp/unfreezing_ablation_topk2_fo_4tmtl/data/PhysioNet2022/training_data/50317_TV.wav,1.0,0.024790822
/tmp/unfreezing_ablation_topk2_fo_4tmtl/data/PhysioNet2022/training_data/50323_AV.wav,1.0,0.032962784
/tmp/unfreezing_ablation_topk2_fo_4tmtl/data/PhysioNet2022/training_data/50323_MV.wav,1.0,0.040125504
/tmp/unfreezing_ablation_topk2_fo_4tmtl/data/PhysioNet2022/training_data/50323_PV.wav,1.0,0.03803437
/tmp/unfreezing_ablation_topk2_fo_4tmtl/data/PhysioNet2022/training_data/50323_TV.wav,1.0,0.03476579
/tmp/unfreezing_ablation_topk2_fo_4tmtl/data/PhysioNet2022/training_data/50325_AV.wav,1.0,0.013887096
/tmp/unfreezing_ablation_topk2_fo_4tmtl/data/PhysioNet2022/training_data/50325_MV.wav,1.0,0.57323426
/tmp/unfreezing_ablation_topk2_fo_4tmtl/data/PhysioNet2022/training_data/50325_PV.wav,1.0,0.043500584
/tmp/unfreezing_ablation_topk2_fo_4tmtl/data/PhysioNet2022/training_data/50325_TV.wav,1.0,0.09152273
/tmp/unfreezing_ablation_topk2_fo_4tmtl/data/PhysioNet2022/training_data/50337_MV.wav,1.0,0.99533385
/tmp/unfreezing_ablation_topk2_fo_4tmtl/data/PhysioNet2022/training_data/50337_PV.wav,1.0,0.045761455
/tmp/unfreezing_ablation_topk2_fo_4tmtl/data/PhysioNet2022/training_data/50337_TV.wav,1.0,0.52025014
/tmp/unfreezing_ablation_topk2_fo_4tmtl/data/PhysioNet2022/training_data/50348_AV_1.wav,1.0,0.077793375
/tmp/unfreezing_ablation_topk2_fo_4tmtl/data/PhysioNet2022/training_data/50348_AV_2.wav,1.0,0.8534085
/tmp/unfreezing_ablation_topk2_fo_4tmtl/data/PhysioNet2022/training_data/50348_MV.wav,1.0,0.043812755
/tmp/unfreezing_ablation_topk2_fo_4tmtl/data/PhysioNet2022/training_data/50348_PV.wav,1.0,0.078441784
/tmp/unfreezing_ablation_topk2_fo_4tmtl/data/PhysioNet2022/training_data/50348_TV.wav,1.0,0.79567826
/tmp/unfreezing_ablation_topk2_fo_4tmtl/data/PhysioNet2022/training_data/50625_AV.wav,1.0,0.009322863
/tmp/unfreezing_ablation_topk2_fo_4tmtl/data/PhysioNet2022/training_data/50625_MV.wav,1.0,0.046218097
/tmp/unfreezing_ablation_topk2_fo_4tmtl/data/PhysioNet2022/training_data/50629_AV.wav,1.0,0.032391928
/tmp/unfreezing_ablation_topk2_fo_4tmtl/data/PhysioNet2022/training_data/50629_MV.wav,1.0,0.048402082
/tmp/unfreezing_ablation_topk2_fo_4tmtl/data/PhysioNet2022/training_data/50640_MV.wav,1.0,0.07030489
/tmp/unfreezing_ablation_topk2_fo_4tmtl/data/PhysioNet2022/training_data/50643_AV.wav,1.0,0.017672496
/tmp/unfreezing_ablation_topk2_fo_4tmtl/data/PhysioNet2022/training_data/50643_MV.wav,1.0,0.99956685
/tmp/unfreezing_ablation_topk2_fo_4tmtl/data/PhysioNet2022/training_data/50644_AV.wav,1.0,0.029489717
/tmp/unfreezing_ablation_topk2_fo_4tmtl/data/PhysioNet2022/training_data/50644_MV.wav,1.0,0.027279444
/tmp/unfreezing_ablation_topk2_fo_4tmtl/data/PhysioNet2022/training_data/50657_AV.wav,1.0,0.96960485
/tmp/unfreezing_ablation_topk2_fo_4tmtl/data/PhysioNet2022/training_data/50657_MV.wav,1.0,0.077238835
/tmp/unfreezing_ablation_topk2_fo_4tmtl/data/PhysioNet2022/training_data/50657_PV.wav,1.0,0.32892334
/tmp/unfreezing_ablation_topk2_fo_4tmtl/data/PhysioNet2022/training_data/50657_TV.wav,1.0,0.9999291
/tmp/unfreezing_ablation_topk2_fo_4tmtl/data/PhysioNet2022/training_data/50659_AV.wav,1.0,0.9712839
/tmp/unfreezing_ablation_topk2_fo_4tmtl/data/PhysioNet2022/training_data/50659_MV.wav,1.0,0.23202445
/tmp/unfreezing_ablation_topk2_fo_4tmtl/data/PhysioNet2022/training_data/50659_PV.wav,1.0,0.13694334
/tmp/unfreezing_ablation_topk2_fo_4tmtl/data/PhysioNet2022/training_data/50659_TV.wav,1.0,0.042129837
/tmp/unfreezing_ablation_topk2_fo_4tmtl/data/PhysioNet2022/training_data/50664_AV.wav,1.0,0.05024876
/tmp/unfreezing_ablation_topk2_fo_4tmtl/data/PhysioNet2022/training_data/50664_PV.wav,1.0,0.08798059
/tmp/unfreezing_ablation_topk2_fo_4tmtl/data/PhysioNet2022/training_data/50668_AV.wav,1.0,0.030266277
/tmp/unfreezing_ablation_topk2_fo_4tmtl/data/PhysioNet2022/training_data/50668_MV.wav,1.0,0.06363942
/tmp/unfreezing_ablation_topk2_fo_4tmtl/data/PhysioNet2022/training_data/50668_PV.wav,1.0,0.1037338
/tmp/unfreezing_ablation_topk2_fo_4tmtl/data/PhysioNet2022/training_data/50668_TV.wav,1.0,0.79896057
/tmp/unfreezing_ablation_topk2_fo_4tmtl/data/PhysioNet2022/training_data/50669_AV.wav,1.0,0.9797433
/tmp/unfreezing_ablation_topk2_fo_4tmtl/data/PhysioNet2022/training_data/50669_MV.wav,1.0,0.055746473
/tmp/unfreezing_ablation_topk2_fo_4tmtl/data/PhysioNet2022/training_data/50669_PV.wav,1.0,0.03393458
/tmp/unfreezing_ablation_topk2_fo_4tmtl/data/PhysioNet2022/training_data/50669_TV.wav,1.0,0.014457286
/tmp/unfreezing_ablation_topk2_fo_4tmtl/data/PhysioNet2022/training_data/50671_MV.wav,1.0,0.03259863
/tmp/unfreezing_ablation_topk2_fo_4tmtl/data/PhysioNet2022/training_data/50678_MV.wav,1.0,0.24833822
/tmp/unfreezing_ablation_topk2_fo_4tmtl/data/PhysioNet2022/training_data/50678_PV.wav,1.0,0.073637374
/tmp/unfreezing_ablation_topk2_fo_4tmtl/data/PhysioNet2022/training_data/50678_TV.wav,1.0,0.99921286
/tmp/unfreezing_ablation_topk2_fo_4tmtl/data/PhysioNet2022/training_data/50680_AV.wav,1.0,0.9377168
/tmp/unfreezing_ablation_topk2_fo_4tmtl/data/PhysioNet2022/training_data/50680_MV.wav,1.0,0.04063208
/tmp/unfreezing_ablation_topk2_fo_4tmtl/data/PhysioNet2022/training_data/50680_PV.wav,1.0,0.99842584
/tmp/unfreezing_ablation_topk2_fo_4tmtl/data/PhysioNet2022/training_data/50680_TV.wav,1.0,0.3132385
/tmp/unfreezing_ablation_topk2_fo_4tmtl/data/PhysioNet2022/training_data/50685_AV.wav,1.0,0.47733343
/tmp/unfreezing_ablation_topk2_fo_4tmtl/data/PhysioNet2022/training_data/50685_MV.wav,1.0,0.65410596
/tmp/unfreezing_ablation_topk2_fo_4tmtl/data/PhysioNet2022/training_data/50685_TV.wav,1.0,0.09304164
/tmp/unfreezing_ablation_topk2_fo_4tmtl/data/PhysioNet2022/training_data/50725_AV.wav,1.0,0.3167725
/tmp/unfreezing_ablation_topk2_fo_4tmtl/data/PhysioNet2022/training_data/50725_MV.wav,1.0,0.04099137
/tmp/unfreezing_ablation_topk2_fo_4tmtl/data/PhysioNet2022/training_data/50725_PV.wav,1.0,0.93330044
/tmp/unfreezing_ablation_topk2_fo_4tmtl/data/PhysioNet2022/training_data/50725_TV.wav,1.0,0.06487955
/tmp/unfreezing_ablation_topk2_fo_4tmtl/data/PhysioNet2022/training_data/50739_AV.wav,1.0,0.047207817
/tmp/unfreezing_ablation_topk2_fo_4tmtl/data/PhysioNet2022/training_data/50739_MV.wav,1.0,0.06125276
/tmp/unfreezing_ablation_topk2_fo_4tmtl/data/PhysioNet2022/training_data/50744_AV.wav,1.0,0.032877255
/tmp/unfreezing_ablation_topk2_fo_4tmtl/data/PhysioNet2022/training_data/50744_MV.wav,1.0,0.15637086
/tmp/unfreezing_ablation_topk2_fo_4tmtl/data/PhysioNet2022/training_data/50744_PV.wav,1.0,0.21305847
/tmp/unfreezing_ablation_topk2_fo_4tmtl/data/PhysioNet2022/training_data/50744_TV.wav,1.0,0.07246131
/tmp/unfreezing_ablation_topk2_fo_4tmtl/data/PhysioNet2022/training_data/50751_AV.wav,1.0,0.42803466
/tmp/unfreezing_ablation_topk2_fo_4tmtl/data/PhysioNet2022/training_data/50751_MV.wav,1.0,0.347163
/tmp/unfreezing_ablation_topk2_fo_4tmtl/data/PhysioNet2022/training_data/50751_PV.wav,1.0,0.6206235
/tmp/unfreezing_ablation_topk2_fo_4tmtl/data/PhysioNet2022/training_data/50751_TV.wav,1.0,0.025162468
/tmp/unfreezing_ablation_topk2_fo_4tmtl/data/PhysioNet2022/training_data/50752_AV.wav,1.0,0.049732767
/tmp/unfreezing_ablation_topk2_fo_4tmtl/data/PhysioNet2022/training_data/50752_MV.wav,1.0,0.255033
/tmp/unfreezing_ablation_topk2_fo_4tmtl/data/PhysioNet2022/training_data/50752_PV.wav,1.0,0.72671294
/tmp/unfreezing_ablation_topk2_fo_4tmtl/data/PhysioNet2022/training_data/50752_TV.wav,1.0,0.045035657
/tmp/unfreezing_ablation_topk2_fo_4tmtl/data/PhysioNet2022/training_data/50762_AV.wav,1.0,0.090448104
/tmp/unfreezing_ablation_topk2_fo_4tmtl/data/PhysioNet2022/training_data/50762_MV.wav,1.0,0.9942979
/tmp/unfreezing_ablation_topk2_fo_4tmtl/data/PhysioNet2022/training_data/50762_PV.wav,1.0,0.7782083
/tmp/unfreezing_ablation_topk2_fo_4tmtl/data/PhysioNet2022/training_data/50762_TV.wav,1.0,0.091338776
/tmp/unfreezing_ablation_topk2_fo_4tmtl/data/PhysioNet2022/training_data/50768_AV.wav,1.0,0.043471687
/tmp/unfreezing_ablation_topk2_fo_4tmtl/data/PhysioNet2022/training_data/50770_AV.wav,1.0,0.08022656
/tmp/unfreezing_ablation_topk2_fo_4tmtl/data/PhysioNet2022/training_data/50770_MV.wav,1.0,0.13953087
/tmp/unfreezing_ablation_topk2_fo_4tmtl/data/PhysioNet2022/training_data/50770_PV.wav,1.0,0.022780191
/tmp/unfreezing_ablation_topk2_fo_4tmtl/data/PhysioNet2022/training_data/50770_TV.wav,1.0,0.04910254
/tmp/unfreezing_ablation_topk2_fo_4tmtl/data/PhysioNet2022/training_data/50820_AV.wav,1.0,0.7075033
/tmp/unfreezing_ablation_topk2_fo_4tmtl/data/PhysioNet2022/training_data/50820_MV.wav,1.0,0.022453386
/tmp/unfreezing_ablation_topk2_fo_4tmtl/data/PhysioNet2022/training_data/50820_PV.wav,1.0,0.8494564
/tmp/unfreezing_ablation_topk2_fo_4tmtl/data/PhysioNet2022/training_data/50820_TV.wav,1.0,0.27497002
/tmp/unfreezing_ablation_topk2_fo_4tmtl/data/PhysioNet2022/training_data/63456_AV.wav,1.0,0.92170805
/tmp/unfreezing_ablation_topk2_fo_4tmtl/data/PhysioNet2022/training_data/63456_MV.wav,1.0,0.073536456
/tmp/unfreezing_ablation_topk2_fo_4tmtl/data/PhysioNet2022/training_data/63456_PV.wav,1.0,0.14773063
/tmp/unfreezing_ablation_topk2_fo_4tmtl/data/PhysioNet2022/training_data/63456_TV.wav,1.0,0.04149525
/tmp/unfreezing_ablation_topk2_fo_4tmtl/data/PhysioNet2022/training_data/64256_MV.wav,1.0,0.046617296
/tmp/unfreezing_ablation_topk2_fo_4tmtl/data/PhysioNet2022/training_data/64256_PV.wav,1.0,0.15643547
/tmp/unfreezing_ablation_topk2_fo_4tmtl/data/PhysioNet2022/training_data/64256_TV.wav,1.0,0.03592377
/tmp/unfreezing_ablation_topk2_fo_4tmtl/data/PhysioNet2022/training_data/64715_MV.wav,1.0,0.05560127
/tmp/unfreezing_ablation_topk2_fo_4tmtl/data/PhysioNet2022/training_data/64715_PV.wav,1.0,0.14769593
/tmp/unfreezing_ablation_topk2_fo_4tmtl/data/PhysioNet2022/training_data/64715_TV.wav,1.0,0.018597191
/tmp/unfreezing_ablation_topk2_fo_4tmtl/data/PhysioNet2022/training_data/68182_AV.wav,1.0,0.094812684
/tmp/unfreezing_ablation_topk2_fo_4tmtl/data/PhysioNet2022/training_data/68182_MV.wav,1.0,0.8751203
/tmp/unfreezing_ablation_topk2_fo_4tmtl/data/PhysioNet2022/training_data/68182_PV.wav,1.0,0.02185189
/tmp/unfreezing_ablation_topk2_fo_4tmtl/data/PhysioNet2022/training_data/68182_TV.wav,1.0,0.06445908
/tmp/unfreezing_ablation_topk2_fo_4tmtl/data/PhysioNet2022/training_data/68306_AV.wav,1.0,0.0063824006
/tmp/unfreezing_ablation_topk2_fo_4tmtl/data/PhysioNet2022/training_data/68306_MV.wav,1.0,0.10166317
/tmp/unfreezing_ablation_topk2_fo_4tmtl/data/PhysioNet2022/training_data/68306_PV.wav,1.0,0.04274822
/tmp/unfreezing_ablation_topk2_fo_4tmtl/data/PhysioNet2022/training_data/68306_TV.wav,1.0,0.04834003
/tmp/unfreezing_ablation_topk2_fo_4tmtl/data/PhysioNet2022/training_data/68327_AV.wav,1.0,0.9565426
/tmp/unfreezing_ablation_topk2_fo_4tmtl/data/PhysioNet2022/training_data/68327_MV.wav,1.0,0.27763087
/tmp/unfreezing_ablation_topk2_fo_4tmtl/data/PhysioNet2022/training_data/68327_PV.wav,1.0,0.031496935
/tmp/unfreezing_ablation_topk2_fo_4tmtl/data/PhysioNet2022/training_data/68327_TV.wav,1.0,0.04426407
/tmp/unfreezing_ablation_topk2_fo_4tmtl/data/PhysioNet2022/training_data/68337_AV.wav,1.0,0.046039898
/tmp/unfreezing_ablation_topk2_fo_4tmtl/data/PhysioNet2022/training_data/68337_MV.wav,1.0,0.6697502
/tmp/unfreezing_ablation_topk2_fo_4tmtl/data/PhysioNet2022/training_data/68337_PV.wav,1.0,0.17177992
/tmp/unfreezing_ablation_topk2_fo_4tmtl/data/PhysioNet2022/training_data/68337_TV.wav,1.0,0.05994016
/tmp/unfreezing_ablation_topk2_fo_4tmtl/data/PhysioNet2022/training_data/68363_AV.wav,1.0,0.12453533
/tmp/unfreezing_ablation_topk2_fo_4tmtl/data/PhysioNet2022/training_data/68363_MV.wav,1.0,0.43929267
/tmp/unfreezing_ablation_topk2_fo_4tmtl/data/PhysioNet2022/training_data/68368_AV.wav,1.0,0.858622
/tmp/unfreezing_ablation_topk2_fo_4tmtl/data/PhysioNet2022/training_data/68368_MV.wav,1.0,0.33985487
/tmp/unfreezing_ablation_topk2_fo_4tmtl/data/PhysioNet2022/training_data/68368_PV.wav,1.0,0.113623984
/tmp/unfreezing_ablation_topk2_fo_4tmtl/data/PhysioNet2022/training_data/68368_TV.wav,1.0,0.054467928
/tmp/unfreezing_ablation_topk2_fo_4tmtl/data/PhysioNet2022/training_data/68374_AV.wav,1.0,0.12856433
/tmp/unfreezing_ablation_topk2_fo_4tmtl/data/PhysioNet2022/training_data/68374_MV.wav,1.0,0.014931479
/tmp/unfreezing_ablation_topk2_fo_4tmtl/data/PhysioNet2022/training_data/68395_PV.wav,1.0,0.06952337
/tmp/unfreezing_ablation_topk2_fo_4tmtl/data/PhysioNet2022/training_data/68395_TV.wav,1.0,0.031615444
/tmp/unfreezing_ablation_topk2_fo_4tmtl/data/PhysioNet2022/training_data/68407_AV.wav,1.0,0.04065203
/tmp/unfreezing_ablation_topk2_fo_4tmtl/data/PhysioNet2022/training_data/68407_MV.wav,1.0,0.30016422
/tmp/unfreezing_ablation_topk2_fo_4tmtl/data/PhysioNet2022/training_data/68407_PV.wav,1.0,0.066718794
/tmp/unfreezing_ablation_topk2_fo_4tmtl/data/PhysioNet2022/training_data/68407_TV.wav,1.0,0.008320238
/tmp/unfreezing_ablation_topk2_fo_4tmtl/data/PhysioNet2022/training_data/68412_AV.wav,1.0,0.3966309
/tmp/unfreezing_ablation_topk2_fo_4tmtl/data/PhysioNet2022/training_data/68412_MV.wav,1.0,0.029757487
/tmp/unfreezing_ablation_topk2_fo_4tmtl/data/PhysioNet2022/training_data/68412_PV.wav,1.0,0.020711243
/tmp/unfreezing_ablation_topk2_fo_4tmtl/data/PhysioNet2022/training_data/68412_TV.wav,1.0,0.7806934
/tmp/unfreezing_ablation_topk2_fo_4tmtl/data/PhysioNet2022/training_data/68435_AV.wav,1.0,0.44049317
/tmp/unfreezing_ablation_topk2_fo_4tmtl/data/PhysioNet2022/training_data/68435_MV.wav,1.0,0.89685464
/tmp/unfreezing_ablation_topk2_fo_4tmtl/data/PhysioNet2022/training_data/68487_AV.wav,1.0,0.13416667
/tmp/unfreezing_ablation_topk2_fo_4tmtl/data/PhysioNet2022/training_data/68487_MV.wav,1.0,0.95393145
/tmp/unfreezing_ablation_topk2_fo_4tmtl/data/PhysioNet2022/training_data/68487_PV.wav,1.0,0.9972113
/tmp/unfreezing_ablation_topk2_fo_4tmtl/data/PhysioNet2022/training_data/68487_TV.wav,1.0,0.78983897
/tmp/unfreezing_ablation_topk2_fo_4tmtl/data/PhysioNet2022/training_data/68498_AV.wav,1.0,0.9939148
/tmp/unfreezing_ablation_topk2_fo_4tmtl/data/PhysioNet2022/training_data/68498_MV.wav,1.0,0.50384206
/tmp/unfreezing_ablation_topk2_fo_4tmtl/data/PhysioNet2022/training_data/68498_PV.wav,1.0,0.13751371
/tmp/unfreezing_ablation_topk2_fo_4tmtl/data/PhysioNet2022/training_data/68498_TV.wav,1.0,0.04262979
/tmp/unfreezing_ablation_topk2_fo_4tmtl/data/PhysioNet2022/training_data/68702_AV.wav,1.0,0.03876391
/tmp/unfreezing_ablation_topk2_fo_4tmtl/data/PhysioNet2022/training_data/68702_MV.wav,1.0,0.20120212
/tmp/unfreezing_ablation_topk2_fo_4tmtl/data/PhysioNet2022/training_data/68702_PV.wav,1.0,0.007323475
/tmp/unfreezing_ablation_topk2_fo_4tmtl/data/PhysioNet2022/training_data/68702_TV.wav,1.0,0.06599643
/tmp/unfreezing_ablation_topk2_fo_4tmtl/data/PhysioNet2022/training_data/68738_AV.wav,1.0,0.08025524
/tmp/unfreezing_ablation_topk2_fo_4tmtl/data/PhysioNet2022/training_data/68738_MV.wav,1.0,0.03857768
/tmp/unfreezing_ablation_topk2_fo_4tmtl/data/PhysioNet2022/training_data/68738_PV.wav,1.0,0.035795018
/tmp/unfreezing_ablation_topk2_fo_4tmtl/data/PhysioNet2022/training_data/68738_TV.wav,1.0,0.01728475
/tmp/unfreezing_ablation_topk2_fo_4tmtl/data/PhysioNet2022/training_data/68740_AV.wav,1.0,0.014737167
/tmp/unfreezing_ablation_topk2_fo_4tmtl/data/PhysioNet2022/training_data/68740_MV.wav,1.0,0.21912795
/tmp/unfreezing_ablation_topk2_fo_4tmtl/data/PhysioNet2022/training_data/68740_PV.wav,1.0,0.019514011
/tmp/unfreezing_ablation_topk2_fo_4tmtl/data/PhysioNet2022/training_data/68740_TV.wav,1.0,0.0057462943
/tmp/unfreezing_ablation_topk2_fo_4tmtl/data/PhysioNet2022/training_data/68796_AV.wav,1.0,0.92315733
/tmp/unfreezing_ablation_topk2_fo_4tmtl/data/PhysioNet2022/training_data/68796_MV.wav,1.0,0.048211407
/tmp/unfreezing_ablation_topk2_fo_4tmtl/data/PhysioNet2022/training_data/68796_PV.wav,1.0,0.3699767
/tmp/unfreezing_ablation_topk2_fo_4tmtl/data/PhysioNet2022/training_data/68796_TV.wav,1.0,0.022599988
/tmp/unfreezing_ablation_topk2_fo_4tmtl/data/PhysioNet2022/training_data/68886_AV.wav,1.0,0.20713754
/tmp/unfreezing_ablation_topk2_fo_4tmtl/data/PhysioNet2022/training_data/68886_MV.wav,1.0,0.07728591
/tmp/unfreezing_ablation_topk2_fo_4tmtl/data/PhysioNet2022/training_data/68886_PV.wav,1.0,0.015504012
/tmp/unfreezing_ablation_topk2_fo_4tmtl/data/PhysioNet2022/training_data/68886_TV.wav,1.0,0.038047418
/tmp/unfreezing_ablation_topk2_fo_4tmtl/data/PhysioNet2022/training_data/68901_AV.wav,1.0,0.043721426
/tmp/unfreezing_ablation_topk2_fo_4tmtl/data/PhysioNet2022/training_data/68901_MV.wav,1.0,0.039389983
/tmp/unfreezing_ablation_topk2_fo_4tmtl/data/PhysioNet2022/training_data/68901_PV.wav,1.0,0.017978085
/tmp/unfreezing_ablation_topk2_fo_4tmtl/data/PhysioNet2022/training_data/68901_TV.wav,1.0,0.62968445
/tmp/unfreezing_ablation_topk2_fo_4tmtl/data/PhysioNet2022/training_data/68952_AV.wav,1.0,0.02765635
/tmp/unfreezing_ablation_topk2_fo_4tmtl/data/PhysioNet2022/training_data/68952_MV.wav,1.0,0.04736583
/tmp/unfreezing_ablation_topk2_fo_4tmtl/data/PhysioNet2022/training_data/68952_PV.wav,1.0,0.2052199
/tmp/unfreezing_ablation_topk2_fo_4tmtl/data/PhysioNet2022/training_data/68952_TV.wav,1.0,0.051500026
/tmp/unfreezing_ablation_topk2_fo_4tmtl/data/PhysioNet2022/training_data/69060_AV.wav,1.0,0.06209883
/tmp/unfreezing_ablation_topk2_fo_4tmtl/data/PhysioNet2022/training_data/69060_MV.wav,1.0,0.043966223
/tmp/unfreezing_ablation_topk2_fo_4tmtl/data/PhysioNet2022/training_data/69060_PV.wav,1.0,0.020471198
/tmp/unfreezing_ablation_topk2_fo_4tmtl/data/PhysioNet2022/training_data/69060_TV.wav,1.0,0.33786145
/tmp/unfreezing_ablation_topk2_fo_4tmtl/data/PhysioNet2022/training_data/69066_AV.wav,1.0,0.14255433
/tmp/unfreezing_ablation_topk2_fo_4tmtl/data/PhysioNet2022/training_data/69066_MV.wav,1.0,0.12434075
/tmp/unfreezing_ablation_topk2_fo_4tmtl/data/PhysioNet2022/training_data/69066_PV.wav,1.0,0.030651247
/tmp/unfreezing_ablation_topk2_fo_4tmtl/data/PhysioNet2022/training_data/69066_TV.wav,1.0,0.08088492
/tmp/unfreezing_ablation_topk2_fo_4tmtl/data/PhysioNet2022/training_data/69068_AV.wav,1.0,0.0819765
/tmp/unfreezing_ablation_topk2_fo_4tmtl/data/PhysioNet2022/training_data/69068_MV.wav,1.0,0.04758706
/tmp/unfreezing_ablation_topk2_fo_4tmtl/data/PhysioNet2022/training_data/69068_PV.wav,1.0,0.9993461
/tmp/unfreezing_ablation_topk2_fo_4tmtl/data/PhysioNet2022/training_data/69068_TV.wav,1.0,0.016432447
/tmp/unfreezing_ablation_topk2_fo_4tmtl/data/PhysioNet2022/training_data/69093_AV.wav,1.0,0.05853516
/tmp/unfreezing_ablation_topk2_fo_4tmtl/data/PhysioNet2022/training_data/69093_MV.wav,1.0,0.03054353
/tmp/unfreezing_ablation_topk2_fo_4tmtl/data/PhysioNet2022/training_data/69093_PV.wav,1.0,0.9699709
/tmp/unfreezing_ablation_topk2_fo_4tmtl/data/PhysioNet2022/training_data/69093_TV.wav,1.0,0.015682496
/tmp/unfreezing_ablation_topk2_fo_4tmtl/data/PhysioNet2022/training_data/69112_AV.wav,1.0,0.019023336
/tmp/unfreezing_ablation_topk2_fo_4tmtl/data/PhysioNet2022/training_data/69112_MV.wav,1.0,0.06225536
/tmp/unfreezing_ablation_topk2_fo_4tmtl/data/PhysioNet2022/training_data/69112_PV.wav,1.0,0.04918999
/tmp/unfreezing_ablation_topk2_fo_4tmtl/data/PhysioNet2022/training_data/69112_TV.wav,1.0,0.07219266
/tmp/unfreezing_ablation_topk2_fo_4tmtl/data/PhysioNet2022/training_data/69125_AV.wav,1.0,0.18595918
/tmp/unfreezing_ablation_topk2_fo_4tmtl/data/PhysioNet2022/training_data/69125_MV.wav,1.0,0.058698162
/tmp/unfreezing_ablation_topk2_fo_4tmtl/data/PhysioNet2022/training_data/69125_PV.wav,1.0,0.85701764
/tmp/unfreezing_ablation_topk2_fo_4tmtl/data/PhysioNet2022/training_data/69125_TV.wav,1.0,0.47195598
/tmp/unfreezing_ablation_topk2_fo_4tmtl/data/PhysioNet2022/training_data/69144_AV.wav,1.0,0.047594313
/tmp/unfreezing_ablation_topk2_fo_4tmtl/data/PhysioNet2022/training_data/69144_MV.wav,1.0,0.4168178
/tmp/unfreezing_ablation_topk2_fo_4tmtl/data/PhysioNet2022/training_data/69144_PV.wav,1.0,0.9969054
/tmp/unfreezing_ablation_topk2_fo_4tmtl/data/PhysioNet2022/training_data/69144_TV.wav,1.0,0.018478634
/tmp/unfreezing_ablation_topk2_fo_4tmtl/data/PhysioNet2022/training_data/69155_MV.wav,1.0,0.075817674
/tmp/unfreezing_ablation_topk2_fo_4tmtl/data/PhysioNet2022/training_data/69155_PV.wav,1.0,0.0123442365
/tmp/unfreezing_ablation_topk2_fo_4tmtl/data/PhysioNet2022/training_data/69155_TV.wav,1.0,0.044113286
/tmp/unfreezing_ablation_topk2_fo_4tmtl/data/PhysioNet2022/training_data/69161_AV.wav,1.0,0.5324339
/tmp/unfreezing_ablation_topk2_fo_4tmtl/data/PhysioNet2022/training_data/69161_MV.wav,1.0,0.023099499
/tmp/unfreezing_ablation_topk2_fo_4tmtl/data/PhysioNet2022/training_data/69161_PV.wav,1.0,0.14064106
/tmp/unfreezing_ablation_topk2_fo_4tmtl/data/PhysioNet2022/training_data/69161_TV.wav,1.0,0.9983386
/tmp/unfreezing_ablation_topk2_fo_4tmtl/data/PhysioNet2022/training_data/73497_AV.wav,1.0,0.06409504
/tmp/unfreezing_ablation_topk2_fo_4tmtl/data/PhysioNet2022/training_data/73497_MV.wav,1.0,0.024757849
/tmp/unfreezing_ablation_topk2_fo_4tmtl/data/PhysioNet2022/training_data/73497_PV.wav,1.0,0.050228927
/tmp/unfreezing_ablation_topk2_fo_4tmtl/data/PhysioNet2022/training_data/73497_TV.wav,1.0,0.04144826
/tmp/unfreezing_ablation_topk2_fo_4tmtl/data/PhysioNet2022/training_data/74420_AV.wav,1.0,0.16057454
/tmp/unfreezing_ablation_topk2_fo_4tmtl/data/PhysioNet2022/training_data/74420_MV.wav,1.0,0.31026325
/tmp/unfreezing_ablation_topk2_fo_4tmtl/data/PhysioNet2022/training_data/75440_AV.wav,1.0,0.02837904
/tmp/unfreezing_ablation_topk2_fo_4tmtl/data/PhysioNet2022/training_data/75440_MV.wav,1.0,0.06569728
/tmp/unfreezing_ablation_topk2_fo_4tmtl/data/PhysioNet2022/training_data/75440_PV.wav,1.0,0.99959
/tmp/unfreezing_ablation_topk2_fo_4tmtl/data/PhysioNet2022/training_data/75440_TV.wav,1.0,0.03059377
/tmp/unfreezing_ablation_topk2_fo_4tmtl/data/PhysioNet2022/training_data/78592_AV.wav,1.0,0.9893539
/tmp/unfreezing_ablation_topk2_fo_4tmtl/data/PhysioNet2022/training_data/78592_MV.wav,1.0,0.98329514
/tmp/unfreezing_ablation_topk2_fo_4tmtl/data/PhysioNet2022/training_data/78592_PV.wav,1.0,0.15043794
/tmp/unfreezing_ablation_topk2_fo_4tmtl/data/PhysioNet2022/training_data/78592_TV.wav,1.0,0.042033482
/tmp/unfreezing_ablation_topk2_fo_4tmtl/data/PhysioNet2022/training_data/84688_MV.wav,1.0,0.19709979
/tmp/unfreezing_ablation_topk2_fo_4tmtl/data/PhysioNet2022/training_data/84699_AV.wav,1.0,0.9871021
/tmp/unfreezing_ablation_topk2_fo_4tmtl/data/PhysioNet2022/training_data/84699_MV.wav,1.0,0.106046624
/tmp/unfreezing_ablation_topk2_fo_4tmtl/data/PhysioNet2022/training_data/84699_PV.wav,1.0,0.02534108
/tmp/unfreezing_ablation_topk2_fo_4tmtl/data/PhysioNet2022/training_data/84699_TV.wav,1.0,0.21532299
/tmp/unfreezing_ablation_topk2_fo_4tmtl/data/PhysioNet2022/training_data/84709_AV.wav,1.0,0.015749272
/tmp/unfreezing_ablation_topk2_fo_4tmtl/data/PhysioNet2022/training_data/84709_MV.wav,1.0,0.97967464
/tmp/unfreezing_ablation_topk2_fo_4tmtl/data/PhysioNet2022/training_data/84709_PV.wav,1.0,0.08715453
/tmp/unfreezing_ablation_topk2_fo_4tmtl/data/PhysioNet2022/training_data/84709_TV.wav,1.0,0.026505714
/tmp/unfreezing_ablation_topk2_fo_4tmtl/data/PhysioNet2022/training_data/84714_AV.wav,1.0,0.49005532
/tmp/unfreezing_ablation_topk2_fo_4tmtl/data/PhysioNet2022/training_data/84714_MV.wav,1.0,0.40167424
/tmp/unfreezing_ablation_topk2_fo_4tmtl/data/PhysioNet2022/training_data/84714_TV.wav,1.0,0.91239786
/tmp/unfreezing_ablation_topk2_fo_4tmtl/data/PhysioNet2022/training_data/84720_AV.wav,1.0,0.120516695
/tmp/unfreezing_ablation_topk2_fo_4tmtl/data/PhysioNet2022/training_data/84724_AV.wav,1.0,0.08778562
/tmp/unfreezing_ablation_topk2_fo_4tmtl/data/PhysioNet2022/training_data/84724_MV.wav,1.0,0.111210406
/tmp/unfreezing_ablation_topk2_fo_4tmtl/data/PhysioNet2022/training_data/84724_PV.wav,1.0,0.0030497364
/tmp/unfreezing_ablation_topk2_fo_4tmtl/data/PhysioNet2022/training_data/84724_TV.wav,1.0,0.35518262
/tmp/unfreezing_ablation_topk2_fo_4tmtl/data/PhysioNet2022/training_data/84727_AV.wav,1.0,0.036821038
/tmp/unfreezing_ablation_topk2_fo_4tmtl/data/PhysioNet2022/training_data/84727_MV.wav,1.0,0.14697509
/tmp/unfreezing_ablation_topk2_fo_4tmtl/data/PhysioNet2022/training_data/84727_PV.wav,1.0,0.11471838
/tmp/unfreezing_ablation_topk2_fo_4tmtl/data/PhysioNet2022/training_data/84727_TV.wav,1.0,0.08408421
/tmp/unfreezing_ablation_topk2_fo_4tmtl/data/PhysioNet2022/training_data/84735_AV.wav,1.0,0.10062155
/tmp/unfreezing_ablation_topk2_fo_4tmtl/data/PhysioNet2022/training_data/84735_MV.wav,1.0,0.005464297
/tmp/unfreezing_ablation_topk2_fo_4tmtl/data/PhysioNet2022/training_data/84735_PV.wav,1.0,0.05172775
/tmp/unfreezing_ablation_topk2_fo_4tmtl/data/PhysioNet2022/training_data/84735_TV.wav,1.0,0.15812775
/tmp/unfreezing_ablation_topk2_fo_4tmtl/data/PhysioNet2022/training_data/84742_AV.wav,1.0,0.1874007
/tmp/unfreezing_ablation_topk2_fo_4tmtl/data/PhysioNet2022/training_data/84742_MV.wav,1.0,0.077671476
/tmp/unfreezing_ablation_topk2_fo_4tmtl/data/PhysioNet2022/training_data/84742_PV.wav,1.0,0.9981199
/tmp/unfreezing_ablation_topk2_fo_4tmtl/data/PhysioNet2022/training_data/84742_TV.wav,1.0,0.52821064
/tmp/unfreezing_ablation_topk2_fo_4tmtl/data/PhysioNet2022/training_data/84743_AV.wav,1.0,0.15838729
/tmp/unfreezing_ablation_topk2_fo_4tmtl/data/PhysioNet2022/training_data/84743_MV.wav,1.0,0.01920449
/tmp/unfreezing_ablation_topk2_fo_4tmtl/data/PhysioNet2022/training_data/84743_PV.wav,1.0,0.023849027
/tmp/unfreezing_ablation_topk2_fo_4tmtl/data/PhysioNet2022/training_data/84743_TV.wav,1.0,0.0951431
/tmp/unfreezing_ablation_topk2_fo_4tmtl/data/PhysioNet2022/training_data/84747_TV.wav,1.0,0.018900834
/tmp/unfreezing_ablation_topk2_fo_4tmtl/data/PhysioNet2022/training_data/84749_AV.wav,1.0,0.13198225
/tmp/unfreezing_ablation_topk2_fo_4tmtl/data/PhysioNet2022/training_data/84749_MV.wav,1.0,0.6845846
/tmp/unfreezing_ablation_topk2_fo_4tmtl/data/PhysioNet2022/training_data/84749_PV.wav,1.0,0.11537972
/tmp/unfreezing_ablation_topk2_fo_4tmtl/data/PhysioNet2022/training_data/84749_TV.wav,1.0,0.075723276
/tmp/unfreezing_ablation_topk2_fo_4tmtl/data/PhysioNet2022/training_data/84750_AV.wav,1.0,0.014185909
/tmp/unfreezing_ablation_topk2_fo_4tmtl/data/PhysioNet2022/training_data/84750_MV.wav,1.0,0.040110968
/tmp/unfreezing_ablation_topk2_fo_4tmtl/data/PhysioNet2022/training_data/84750_PV.wav,1.0,0.007966368
/tmp/unfreezing_ablation_topk2_fo_4tmtl/data/PhysioNet2022/training_data/84750_TV.wav,1.0,0.26058882
/tmp/unfreezing_ablation_topk2_fo_4tmtl/data/PhysioNet2022/training_data/84758_AV.wav,1.0,0.04096163
/tmp/unfreezing_ablation_topk2_fo_4tmtl/data/PhysioNet2022/training_data/84758_MV.wav,1.0,0.032607798
/tmp/unfreezing_ablation_topk2_fo_4tmtl/data/PhysioNet2022/training_data/84758_PV.wav,1.0,0.06440975
/tmp/unfreezing_ablation_topk2_fo_4tmtl/data/PhysioNet2022/training_data/84758_TV.wav,1.0,0.104888186
/tmp/unfreezing_ablation_topk2_fo_4tmtl/data/PhysioNet2022/training_data/84785_AV.wav,1.0,0.4002029
/tmp/unfreezing_ablation_topk2_fo_4tmtl/data/PhysioNet2022/training_data/84785_MV.wav,1.0,0.15963879
/tmp/unfreezing_ablation_topk2_fo_4tmtl/data/PhysioNet2022/training_data/84785_PV.wav,1.0,0.018493854
/tmp/unfreezing_ablation_topk2_fo_4tmtl/data/PhysioNet2022/training_data/84785_TV.wav,1.0,0.34180564
/tmp/unfreezing_ablation_topk2_fo_4tmtl/data/PhysioNet2022/training_data/84798_AV.wav,1.0,0.116521135
/tmp/unfreezing_ablation_topk2_fo_4tmtl/data/PhysioNet2022/training_data/84798_MV.wav,1.0,0.036468
/tmp/unfreezing_ablation_topk2_fo_4tmtl/data/PhysioNet2022/training_data/84798_PV.wav,1.0,0.5372599
/tmp/unfreezing_ablation_topk2_fo_4tmtl/data/PhysioNet2022/training_data/84798_TV.wav,1.0,0.031707864
/tmp/unfreezing_ablation_topk2_fo_4tmtl/data/PhysioNet2022/training_data/84809_AV.wav,1.0,0.0589767
/tmp/unfreezing_ablation_topk2_fo_4tmtl/data/PhysioNet2022/training_data/84809_MV.wav,1.0,0.7828149
/tmp/unfreezing_ablation_topk2_fo_4tmtl/data/PhysioNet2022/training_data/84809_PV.wav,1.0,0.034491997
/tmp/unfreezing_ablation_topk2_fo_4tmtl/data/PhysioNet2022/training_data/84809_TV.wav,1.0,0.64791745
/tmp/unfreezing_ablation_topk2_fo_4tmtl/data/PhysioNet2022/training_data/84835_AV.wav,1.0,0.028113184
/tmp/unfreezing_ablation_topk2_fo_4tmtl/data/PhysioNet2022/training_data/84835_MV.wav,1.0,0.71844673
/tmp/unfreezing_ablation_topk2_fo_4tmtl/data/PhysioNet2022/training_data/84835_PV.wav,1.0,0.07207324
/tmp/unfreezing_ablation_topk2_fo_4tmtl/data/PhysioNet2022/training_data/84835_TV.wav,1.0,0.051209863
/tmp/unfreezing_ablation_topk2_fo_4tmtl/data/PhysioNet2022/training_data/84837_AV.wav,1.0,0.05413015
/tmp/unfreezing_ablation_topk2_fo_4tmtl/data/PhysioNet2022/training_data/84837_PV.wav,1.0,0.92517173
/tmp/unfreezing_ablation_topk2_fo_4tmtl/data/PhysioNet2022/training_data/84840_MV.wav,1.0,0.0074910615
/tmp/unfreezing_ablation_topk2_fo_4tmtl/data/PhysioNet2022/training_data/84840_TV.wav,1.0,0.03766659
/tmp/unfreezing_ablation_topk2_fo_4tmtl/data/PhysioNet2022/training_data/84861_AV.wav,1.0,0.19891177
/tmp/unfreezing_ablation_topk2_fo_4tmtl/data/PhysioNet2022/training_data/84861_MV.wav,1.0,0.058341473
/tmp/unfreezing_ablation_topk2_fo_4tmtl/data/PhysioNet2022/training_data/84861_PV.wav,1.0,0.5617074
/tmp/unfreezing_ablation_topk2_fo_4tmtl/data/PhysioNet2022/training_data/84861_TV.wav,1.0,0.13180514
/tmp/unfreezing_ablation_topk2_fo_4tmtl/data/PhysioNet2022/training_data/84870_AV.wav,1.0,0.112043604
/tmp/unfreezing_ablation_topk2_fo_4tmtl/data/PhysioNet2022/training_data/84870_MV.wav,1.0,0.5287865
/tmp/unfreezing_ablation_topk2_fo_4tmtl/data/PhysioNet2022/training_data/84870_PV.wav,1.0,0.48850262
/tmp/unfreezing_ablation_topk2_fo_4tmtl/data/PhysioNet2022/training_data/84870_TV.wav,1.0,0.07402222
/tmp/unfreezing_ablation_topk2_fo_4tmtl/data/PhysioNet2022/training_data/84877_AV.wav,1.0,0.02406276
/tmp/unfreezing_ablation_topk2_fo_4tmtl/data/PhysioNet2022/training_data/84877_MV.wav,1.0,0.06688242
/tmp/unfreezing_ablation_topk2_fo_4tmtl/data/PhysioNet2022/training_data/84877_PV.wav,1.0,0.06761816
/tmp/unfreezing_ablation_topk2_fo_4tmtl/data/PhysioNet2022/training_data/84877_TV.wav,1.0,0.7045518
/tmp/unfreezing_ablation_topk2_fo_4tmtl/data/PhysioNet2022/training_data/84885_AV.wav,1.0,0.029048515
/tmp/unfreezing_ablation_topk2_fo_4tmtl/data/PhysioNet2022/training_data/84885_MV.wav,1.0,0.6258733
/tmp/unfreezing_ablation_topk2_fo_4tmtl/data/PhysioNet2022/training_data/84890_AV.wav,1.0,0.023119286
/tmp/unfreezing_ablation_topk2_fo_4tmtl/data/PhysioNet2022/training_data/84890_MV.wav,1.0,0.091448344
/tmp/unfreezing_ablation_topk2_fo_4tmtl/data/PhysioNet2022/training_data/84890_PV.wav,1.0,0.21326682
/tmp/unfreezing_ablation_topk2_fo_4tmtl/data/PhysioNet2022/training_data/84890_TV.wav,1.0,0.031352997
/tmp/unfreezing_ablation_topk2_fo_4tmtl/data/PhysioNet2022/training_data/84893_AV.wav,1.0,0.047806054
/tmp/unfreezing_ablation_topk2_fo_4tmtl/data/PhysioNet2022/training_data/84893_PV.wav,1.0,0.6274404
/tmp/unfreezing_ablation_topk2_fo_4tmtl/data/PhysioNet2022/training_data/84894_AV.wav,1.0,0.06688067
/tmp/unfreezing_ablation_topk2_fo_4tmtl/data/PhysioNet2022/training_data/84894_MV.wav,1.0,0.03202924
/tmp/unfreezing_ablation_topk2_fo_4tmtl/data/PhysioNet2022/training_data/84894_PV.wav,1.0,0.047576863
/tmp/unfreezing_ablation_topk2_fo_4tmtl/data/PhysioNet2022/training_data/84894_TV.wav,1.0,0.023482434
/tmp/unfreezing_ablation_topk2_fo_4tmtl/data/PhysioNet2022/training_data/84917_AV.wav,1.0,0.06937204
/tmp/unfreezing_ablation_topk2_fo_4tmtl/data/PhysioNet2022/training_data/84917_MV.wav,1.0,0.49714193
/tmp/unfreezing_ablation_topk2_fo_4tmtl/data/PhysioNet2022/training_data/84917_PV.wav,1.0,0.034020815
/tmp/unfreezing_ablation_topk2_fo_4tmtl/data/PhysioNet2022/training_data/84917_TV.wav,1.0,0.046609923
/tmp/unfreezing_ablation_topk2_fo_4tmtl/data/PhysioNet2022/training_data/84921_AV.wav,1.0,0.07419957
/tmp/unfreezing_ablation_topk2_fo_4tmtl/data/PhysioNet2022/training_data/84921_MV.wav,1.0,0.030294338
/tmp/unfreezing_ablation_topk2_fo_4tmtl/data/PhysioNet2022/training_data/84921_PV.wav,1.0,0.059548557
/tmp/unfreezing_ablation_topk2_fo_4tmtl/data/PhysioNet2022/training_data/84921_TV.wav,1.0,0.49425042
/tmp/unfreezing_ablation_topk2_fo_4tmtl/data/PhysioNet2022/training_data/84930_AV.wav,1.0,0.041003626
/tmp/unfreezing_ablation_topk2_fo_4tmtl/data/PhysioNet2022/training_data/84930_MV.wav,1.0,0.016719876
/tmp/unfreezing_ablation_topk2_fo_4tmtl/data/PhysioNet2022/training_data/84930_PV.wav,1.0,0.024817813
/tmp/unfreezing_ablation_topk2_fo_4tmtl/data/PhysioNet2022/training_data/84930_TV.wav,1.0,0.12878923
/tmp/unfreezing_ablation_topk2_fo_4tmtl/data/PhysioNet2022/training_data/84937_AV.wav,1.0,0.48108113
/tmp/unfreezing_ablation_topk2_fo_4tmtl/data/PhysioNet2022/training_data/84937_MV.wav,1.0,0.710982
/tmp/unfreezing_ablation_topk2_fo_4tmtl/data/PhysioNet2022/training_data/84937_PV.wav,1.0,0.02192503
/tmp/unfreezing_ablation_topk2_fo_4tmtl/data/PhysioNet2022/training_data/84937_TV.wav,1.0,0.05638084
/tmp/unfreezing_ablation_topk2_fo_4tmtl/data/PhysioNet2022/training_data/84939_AV.wav,1.0,0.8095573
/tmp/unfreezing_ablation_topk2_fo_4tmtl/data/PhysioNet2022/training_data/84939_MV.wav,1.0,0.1901826
/tmp/unfreezing_ablation_topk2_fo_4tmtl/data/PhysioNet2022/training_data/84939_PV.wav,1.0,0.024939006
/tmp/unfreezing_ablation_topk2_fo_4tmtl/data/PhysioNet2022/training_data/84939_TV.wav,1.0,0.077748865
/tmp/unfreezing_ablation_topk2_fo_4tmtl/data/PhysioNet2022/training_data/84945_AV.wav,1.0,0.051249236
/tmp/unfreezing_ablation_topk2_fo_4tmtl/data/PhysioNet2022/training_data/84945_MV.wav,1.0,0.04482678
/tmp/unfreezing_ablation_topk2_fo_4tmtl/data/PhysioNet2022/training_data/84945_PV.wav,1.0,0.029880965
/tmp/unfreezing_ablation_topk2_fo_4tmtl/data/PhysioNet2022/training_data/84945_TV.wav,1.0,0.06273813
/tmp/unfreezing_ablation_topk2_fo_4tmtl/data/PhysioNet2022/training_data/84947_AV.wav,1.0,0.9839692
/tmp/unfreezing_ablation_topk2_fo_4tmtl/data/PhysioNet2022/training_data/84947_MV.wav,1.0,0.072765484
/tmp/unfreezing_ablation_topk2_fo_4tmtl/data/PhysioNet2022/training_data/84947_PV.wav,1.0,0.5577655
/tmp/unfreezing_ablation_topk2_fo_4tmtl/data/PhysioNet2022/training_data/84947_TV.wav,1.0,0.45144913
/tmp/unfreezing_ablation_topk2_fo_4tmtl/data/PhysioNet2022/training_data/84969_MV.wav,1.0,0.07320355
/tmp/unfreezing_ablation_topk2_fo_4tmtl/data/PhysioNet2022/training_data/84984_MV.wav,1.0,0.27124873
/tmp/unfreezing_ablation_topk2_fo_4tmtl/data/PhysioNet2022/training_data/84984_PV.wav,1.0,0.025634633
/tmp/unfreezing_ablation_topk2_fo_4tmtl/data/PhysioNet2022/training_data/84988_AV.wav,1.0,0.17570628
/tmp/unfreezing_ablation_topk2_fo_4tmtl/data/PhysioNet2022/training_data/84988_MV.wav,1.0,0.9911895
/tmp/unfreezing_ablation_topk2_fo_4tmtl/data/PhysioNet2022/training_data/84988_PV.wav,1.0,0.11276969
/tmp/unfreezing_ablation_topk2_fo_4tmtl/data/PhysioNet2022/training_data/84992_AV.wav,1.0,0.05470579
/tmp/unfreezing_ablation_topk2_fo_4tmtl/data/PhysioNet2022/training_data/84992_PV.wav,1.0,0.011968945
/tmp/unfreezing_ablation_topk2_fo_4tmtl/data/PhysioNet2022/training_data/84992_TV.wav,1.0,0.7286854
/tmp/unfreezing_ablation_topk2_fo_4tmtl/data/PhysioNet2022/training_data/84994_AV.wav,1.0,0.037826397
/tmp/unfreezing_ablation_topk2_fo_4tmtl/data/PhysioNet2022/training_data/84994_MV.wav,1.0,0.3290918
/tmp/unfreezing_ablation_topk2_fo_4tmtl/data/PhysioNet2022/training_data/84994_PV.wav,1.0,0.030159883
/tmp/unfreezing_ablation_topk2_fo_4tmtl/data/PhysioNet2022/training_data/84994_TV.wav,1.0,0.1540666
/tmp/unfreezing_ablation_topk2_fo_4tmtl/data/PhysioNet2022/training_data/85010_AV.wav,1.0,0.31538555
/tmp/unfreezing_ablation_topk2_fo_4tmtl/data/PhysioNet2022/training_data/85010_MV.wav,1.0,0.76552737
/tmp/unfreezing_ablation_topk2_fo_4tmtl/data/PhysioNet2022/training_data/85010_PV.wav,1.0,0.06391549
/tmp/unfreezing_ablation_topk2_fo_4tmtl/data/PhysioNet2022/training_data/85010_TV.wav,1.0,0.22940353
/tmp/unfreezing_ablation_topk2_fo_4tmtl/data/PhysioNet2022/training_data/85033_AV.wav,1.0,0.03189555
/tmp/unfreezing_ablation_topk2_fo_4tmtl/data/PhysioNet2022/training_data/85033_MV.wav,1.0,0.021104869
/tmp/unfreezing_ablation_topk2_fo_4tmtl/data/PhysioNet2022/training_data/85033_PV.wav,1.0,0.0038004534
/tmp/unfreezing_ablation_topk2_fo_4tmtl/data/PhysioNet2022/training_data/85033_TV.wav,1.0,0.053889584
/tmp/unfreezing_ablation_topk2_fo_4tmtl/data/PhysioNet2022/training_data/85043_MV.wav,1.0,0.44040263
/tmp/unfreezing_ablation_topk2_fo_4tmtl/data/PhysioNet2022/training_data/85043_PV.wav,1.0,0.007433476
/tmp/unfreezing_ablation_topk2_fo_4tmtl/data/PhysioNet2022/training_data/85043_TV.wav,1.0,0.06703557
/tmp/unfreezing_ablation_topk2_fo_4tmtl/data/PhysioNet2022/training_data/85044_AV.wav,1.0,0.05538136
/tmp/unfreezing_ablation_topk2_fo_4tmtl/data/PhysioNet2022/training_data/85044_PV.wav,1.0,0.9975751
/tmp/unfreezing_ablation_topk2_fo_4tmtl/data/PhysioNet2022/training_data/85075_AV.wav,1.0,0.09526242
/tmp/unfreezing_ablation_topk2_fo_4tmtl/data/PhysioNet2022/training_data/85075_MV.wav,1.0,0.18110064
/tmp/unfreezing_ablation_topk2_fo_4tmtl/data/PhysioNet2022/training_data/85075_PV.wav,1.0,0.13870022
/tmp/unfreezing_ablation_topk2_fo_4tmtl/data/PhysioNet2022/training_data/85075_TV.wav,1.0,0.062416352
/tmp/unfreezing_ablation_topk2_fo_4tmtl/data/PhysioNet2022/training_data/85076_MV.wav,1.0,0.9959169
/tmp/unfreezing_ablation_topk2_fo_4tmtl/data/PhysioNet2022/training_data/85076_PV.wav,1.0,0.051244974
/tmp/unfreezing_ablation_topk2_fo_4tmtl/data/PhysioNet2022/training_data/85084_AV.wav,1.0,0.17831104
/tmp/unfreezing_ablation_topk2_fo_4tmtl/data/PhysioNet2022/training_data/85084_PV.wav,1.0,0.015239975
/tmp/unfreezing_ablation_topk2_fo_4tmtl/data/PhysioNet2022/training_data/85084_TV.wav,1.0,0.20848633
/tmp/unfreezing_ablation_topk2_fo_4tmtl/data/PhysioNet2022/training_data/85114_AV.wav,1.0,0.10442917
/tmp/unfreezing_ablation_topk2_fo_4tmtl/data/PhysioNet2022/training_data/85114_MV.wav,1.0,0.025613368
/tmp/unfreezing_ablation_topk2_fo_4tmtl/data/PhysioNet2022/training_data/85114_PV.wav,1.0,0.72544056
/tmp/unfreezing_ablation_topk2_fo_4tmtl/data/PhysioNet2022/training_data/85114_TV.wav,1.0,0.031039407
/tmp/unfreezing_ablation_topk2_fo_4tmtl/data/PhysioNet2022/training_data/85123_AV.wav,1.0,0.0060402323
/tmp/unfreezing_ablation_topk2_fo_4tmtl/data/PhysioNet2022/training_data/85123_MV.wav,1.0,0.7195144
/tmp/unfreezing_ablation_topk2_fo_4tmtl/data/PhysioNet2022/training_data/85123_PV.wav,1.0,0.9862
/tmp/unfreezing_ablation_topk2_fo_4tmtl/data/PhysioNet2022/training_data/85123_TV.wav,1.0,0.08458906
/tmp/unfreezing_ablation_topk2_fo_4tmtl/data/PhysioNet2022/training_data/85124_AV.wav,1.0,0.042241108
/tmp/unfreezing_ablation_topk2_fo_4tmtl/data/PhysioNet2022/training_data/85124_MV.wav,1.0,0.07631415
/tmp/unfreezing_ablation_topk2_fo_4tmtl/data/PhysioNet2022/training_data/85124_PV.wav,1.0,0.038539294
/tmp/unfreezing_ablation_topk2_fo_4tmtl/data/PhysioNet2022/training_data/85124_TV.wav,1.0,0.016108768
/tmp/unfreezing_ablation_topk2_fo_4tmtl/data/PhysioNet2022/training_data/85133_AV.wav,1.0,0.05365575
/tmp/unfreezing_ablation_topk2_fo_4tmtl/data/PhysioNet2022/training_data/85133_MV.wav,1.0,0.035612892
/tmp/unfreezing_ablation_topk2_fo_4tmtl/data/PhysioNet2022/training_data/85133_PV.wav,1.0,0.5251792
/tmp/unfreezing_ablation_topk2_fo_4tmtl/data/PhysioNet2022/training_data/85133_TV.wav,1.0,0.40825194
/tmp/unfreezing_ablation_topk2_fo_4tmtl/data/PhysioNet2022/training_data/85135_MV.wav,1.0,0.01367361
/tmp/unfreezing_ablation_topk2_fo_4tmtl/data/PhysioNet2022/training_data/85135_PV.wav,1.0,0.1310847
/tmp/unfreezing_ablation_topk2_fo_4tmtl/data/PhysioNet2022/training_data/85135_TV.wav,1.0,0.020715881
/tmp/unfreezing_ablation_topk2_fo_4tmtl/data/PhysioNet2022/training_data/85140_AV.wav,1.0,0.3407583
/tmp/unfreezing_ablation_topk2_fo_4tmtl/data/PhysioNet2022/training_data/85140_MV.wav,1.0,0.11346474
/tmp/unfreezing_ablation_topk2_fo_4tmtl/data/PhysioNet2022/training_data/85140_PV.wav,1.0,0.85036606
/tmp/unfreezing_ablation_topk2_fo_4tmtl/data/PhysioNet2022/training_data/85145_MV.wav,1.0,0.6847821
/tmp/unfreezing_ablation_topk2_fo_4tmtl/data/PhysioNet2022/training_data/85148_AV.wav,1.0,0.07925727
/tmp/unfreezing_ablation_topk2_fo_4tmtl/data/PhysioNet2022/training_data/85148_MV.wav,1.0,0.03208556
/tmp/unfreezing_ablation_topk2_fo_4tmtl/data/PhysioNet2022/training_data/85148_PV.wav,1.0,0.017404126
/tmp/unfreezing_ablation_topk2_fo_4tmtl/data/PhysioNet2022/training_data/85148_TV.wav,1.0,0.058172837
/tmp/unfreezing_ablation_topk2_fo_4tmtl/data/PhysioNet2022/training_data/85155_AV.wav,1.0,0.99451524
/tmp/unfreezing_ablation_topk2_fo_4tmtl/data/PhysioNet2022/training_data/85166_AV.wav,1.0,0.24403518
/tmp/unfreezing_ablation_topk2_fo_4tmtl/data/PhysioNet2022/training_data/85166_MV.wav,1.0,0.026641227
/tmp/unfreezing_ablation_topk2_fo_4tmtl/data/PhysioNet2022/training_data/85166_PV.wav,1.0,0.20487584
/tmp/unfreezing_ablation_topk2_fo_4tmtl/data/PhysioNet2022/training_data/85166_TV.wav,1.0,0.10343692
/tmp/unfreezing_ablation_topk2_fo_4tmtl/data/PhysioNet2022/training_data/85180_AV.wav,1.0,0.017011516
/tmp/unfreezing_ablation_topk2_fo_4tmtl/data/PhysioNet2022/training_data/85180_MV.wav,1.0,0.05622439
/tmp/unfreezing_ablation_topk2_fo_4tmtl/data/PhysioNet2022/training_data/85180_PV.wav,1.0,0.035810303
/tmp/unfreezing_ablation_topk2_fo_4tmtl/data/PhysioNet2022/training_data/85180_TV.wav,1.0,0.3302391
/tmp/unfreezing_ablation_topk2_fo_4tmtl/data/PhysioNet2022/training_data/85181_AV.wav,1.0,0.92659885
/tmp/unfreezing_ablation_topk2_fo_4tmtl/data/PhysioNet2022/training_data/85181_PV.wav,1.0,0.15905133
/tmp/unfreezing_ablation_topk2_fo_4tmtl/data/PhysioNet2022/training_data/85184_AV.wav,1.0,0.03151622
/tmp/unfreezing_ablation_topk2_fo_4tmtl/data/PhysioNet2022/training_data/85184_MV.wav,1.0,0.6019395
/tmp/unfreezing_ablation_topk2_fo_4tmtl/data/PhysioNet2022/training_data/85184_PV.wav,1.0,0.029754372
/tmp/unfreezing_ablation_topk2_fo_4tmtl/data/PhysioNet2022/training_data/85184_TV.wav,1.0,0.06942907
/tmp/unfreezing_ablation_topk2_fo_4tmtl/data/PhysioNet2022/training_data/85192_AV.wav,1.0,0.026821943
/tmp/unfreezing_ablation_topk2_fo_4tmtl/data/PhysioNet2022/training_data/85192_MV.wav,1.0,0.05553566
/tmp/unfreezing_ablation_topk2_fo_4tmtl/data/PhysioNet2022/training_data/85192_PV.wav,1.0,0.015009037
/tmp/unfreezing_ablation_topk2_fo_4tmtl/data/PhysioNet2022/training_data/85192_TV.wav,1.0,0.010949948
/tmp/unfreezing_ablation_topk2_fo_4tmtl/data/PhysioNet2022/training_data/85197_AV.wav,1.0,0.08573854
/tmp/unfreezing_ablation_topk2_fo_4tmtl/data/PhysioNet2022/training_data/85197_MV.wav,1.0,0.40144652
/tmp/unfreezing_ablation_topk2_fo_4tmtl/data/PhysioNet2022/training_data/85197_PV.wav,1.0,0.8090049
/tmp/unfreezing_ablation_topk2_fo_4tmtl/data/PhysioNet2022/training_data/85197_TV.wav,1.0,0.9890695
/tmp/unfreezing_ablation_topk2_fo_4tmtl/data/PhysioNet2022/training_data/85213_AV.wav,1.0,0.0789742
/tmp/unfreezing_ablation_topk2_fo_4tmtl/data/PhysioNet2022/training_data/85213_MV.wav,1.0,0.121131256
/tmp/unfreezing_ablation_topk2_fo_4tmtl/data/PhysioNet2022/training_data/85213_PV.wav,1.0,0.033588383
/tmp/unfreezing_ablation_topk2_fo_4tmtl/data/PhysioNet2022/training_data/85213_TV.wav,1.0,0.14508699
/tmp/unfreezing_ablation_topk2_fo_4tmtl/data/PhysioNet2022/training_data/85235_AV.wav,1.0,0.016973237
/tmp/unfreezing_ablation_topk2_fo_4tmtl/data/PhysioNet2022/training_data/85235_MV.wav,1.0,0.06993879
/tmp/unfreezing_ablation_topk2_fo_4tmtl/data/PhysioNet2022/training_data/85235_PV.wav,1.0,0.9757842
/tmp/unfreezing_ablation_topk2_fo_4tmtl/data/PhysioNet2022/training_data/85235_TV.wav,1.0,0.10650246
/tmp/unfreezing_ablation_topk2_fo_4tmtl/data/PhysioNet2022/training_data/85242_MV.wav,1.0,0.040034793
/tmp/unfreezing_ablation_topk2_fo_4tmtl/data/PhysioNet2022/training_data/85243_AV.wav,1.0,0.061100934
/tmp/unfreezing_ablation_topk2_fo_4tmtl/data/PhysioNet2022/training_data/85243_PV.wav,1.0,0.12396965
/tmp/unfreezing_ablation_topk2_fo_4tmtl/data/PhysioNet2022/training_data/85245_AV.wav,1.0,0.046083122
/tmp/unfreezing_ablation_topk2_fo_4tmtl/data/PhysioNet2022/training_data/85245_PV.wav,1.0,0.3784174
/tmp/unfreezing_ablation_topk2_fo_4tmtl/data/PhysioNet2022/training_data/85245_TV.wav,1.0,0.068161875
/tmp/unfreezing_ablation_topk2_fo_4tmtl/data/PhysioNet2022/training_data/85249_AV.wav,1.0,0.14793408
/tmp/unfreezing_ablation_topk2_fo_4tmtl/data/PhysioNet2022/training_data/85249_MV.wav,1.0,0.09799809
/tmp/unfreezing_ablation_topk2_fo_4tmtl/data/PhysioNet2022/training_data/85249_PV.wav,1.0,0.052357573
/tmp/unfreezing_ablation_topk2_fo_4tmtl/data/PhysioNet2022/training_data/85249_TV.wav,1.0,0.5535823
/tmp/unfreezing_ablation_topk2_fo_4tmtl/data/PhysioNet2022/training_data/85261_AV.wav,1.0,0.035129122
/tmp/unfreezing_ablation_topk2_fo_4tmtl/data/PhysioNet2022/training_data/85261_MV.wav,1.0,0.3017197
/tmp/unfreezing_ablation_topk2_fo_4tmtl/data/PhysioNet2022/training_data/85261_PV.wav,1.0,0.018768108
/tmp/unfreezing_ablation_topk2_fo_4tmtl/data/PhysioNet2022/training_data/85261_TV.wav,1.0,0.053878795
/tmp/unfreezing_ablation_topk2_fo_4tmtl/data/PhysioNet2022/training_data/85262_AV.wav,1.0,0.045960408
/tmp/unfreezing_ablation_topk2_fo_4tmtl/data/PhysioNet2022/training_data/85262_MV.wav,1.0,0.105167605
/tmp/unfreezing_ablation_topk2_fo_4tmtl/data/PhysioNet2022/training_data/85262_PV.wav,1.0,0.050313167
/tmp/unfreezing_ablation_topk2_fo_4tmtl/data/PhysioNet2022/training_data/85262_TV.wav,1.0,0.15818338
/tmp/unfreezing_ablation_topk2_fo_4tmtl/data/PhysioNet2022/training_data/85265_AV.wav,1.0,0.102631375
/tmp/unfreezing_ablation_topk2_fo_4tmtl/data/PhysioNet2022/training_data/85265_MV.wav,1.0,0.9994554
/tmp/unfreezing_ablation_topk2_fo_4tmtl/data/PhysioNet2022/training_data/85265_PV.wav,1.0,0.0676528
/tmp/unfreezing_ablation_topk2_fo_4tmtl/data/PhysioNet2022/training_data/85265_TV.wav,1.0,0.08628864
/tmp/unfreezing_ablation_topk2_fo_4tmtl/data/PhysioNet2022/training_data/85287_MV.wav,1.0,0.03113861
/tmp/unfreezing_ablation_topk2_fo_4tmtl/data/PhysioNet2022/training_data/85287_PV.wav,1.0,0.5670883
/tmp/unfreezing_ablation_topk2_fo_4tmtl/data/PhysioNet2022/training_data/85287_TV.wav,1.0,0.019758215
/tmp/unfreezing_ablation_topk2_fo_4tmtl/data/PhysioNet2022/training_data/85288_AV.wav,1.0,0.31196952
/tmp/unfreezing_ablation_topk2_fo_4tmtl/data/PhysioNet2022/training_data/85288_MV.wav,1.0,0.89554733
/tmp/unfreezing_ablation_topk2_fo_4tmtl/data/PhysioNet2022/training_data/85288_PV.wav,1.0,0.16206013
/tmp/unfreezing_ablation_topk2_fo_4tmtl/data/PhysioNet2022/training_data/85288_TV.wav,1.0,0.06242053
/tmp/unfreezing_ablation_topk2_fo_4tmtl/data/PhysioNet2022/training_data/85321_PV.wav,1.0,0.055850323
/tmp/unfreezing_ablation_topk2_fo_4tmtl/data/PhysioNet2022/training_data/85321_TV.wav,1.0,0.6673638
/tmp/unfreezing_ablation_topk2_fo_4tmtl/data/PhysioNet2022/training_data/85331_AV.wav,1.0,0.82223743
/tmp/unfreezing_ablation_topk2_fo_4tmtl/data/PhysioNet2022/training_data/85331_MV.wav,1.0,0.13429631
/tmp/unfreezing_ablation_topk2_fo_4tmtl/data/PhysioNet2022/training_data/85331_PV.wav,1.0,0.0361052
/tmp/unfreezing_ablation_topk2_fo_4tmtl/data/PhysioNet2022/training_data/85331_TV.wav,1.0,0.08188022
/tmp/unfreezing_ablation_topk2_fo_4tmtl/data/PhysioNet2022/training_data/85336_AV.wav,1.0,0.11267419
/tmp/unfreezing_ablation_topk2_fo_4tmtl/data/PhysioNet2022/training_data/85336_MV.wav,1.0,0.15986119
/tmp/unfreezing_ablation_topk2_fo_4tmtl/data/PhysioNet2022/training_data/85338_AV.wav,1.0,0.9466086
/tmp/unfreezing_ablation_topk2_fo_4tmtl/data/PhysioNet2022/training_data/85338_MV.wav,1.0,0.19552107
/tmp/unfreezing_ablation_topk2_fo_4tmtl/data/PhysioNet2022/training_data/85338_PV.wav,1.0,0.05043367
/tmp/unfreezing_ablation_topk2_fo_4tmtl/data/PhysioNet2022/training_data/85338_TV.wav,1.0,0.8454536
/tmp/unfreezing_ablation_topk2_fo_4tmtl/data/PhysioNet2022/training_data/85341_AV.wav,1.0,0.90082526
/tmp/unfreezing_ablation_topk2_fo_4tmtl/data/PhysioNet2022/training_data/85341_MV.wav,1.0,0.04772652
/tmp/unfreezing_ablation_topk2_fo_4tmtl/data/PhysioNet2022/training_data/85341_PV.wav,1.0,0.05590879
/tmp/unfreezing_ablation_topk2_fo_4tmtl/data/PhysioNet2022/training_data/85341_TV.wav,1.0,0.015155155
/tmp/unfreezing_ablation_topk2_fo_4tmtl/data/PhysioNet2022/training_data/85343_AV.wav,1.0,0.032270845
/tmp/unfreezing_ablation_topk2_fo_4tmtl/data/PhysioNet2022/training_data/85343_MV.wav,1.0,0.88725215
/tmp/unfreezing_ablation_topk2_fo_4tmtl/data/PhysioNet2022/training_data/85343_PV.wav,1.0,0.4308177
/tmp/unfreezing_ablation_topk2_fo_4tmtl/data/PhysioNet2022/training_data/85343_TV.wav,1.0,0.032955807
noise,0.0,0.012874875
noise,0.0,0.05811741
noise,0.0,0.008383153
noise,0.0,0.029379949
noise,0.0,0.124667965
noise,0.0,0.74253356
noise,0.0,0.037744567
noise,0.0,0.07463403
noise,0.0,0.046864722
noise,0.0,0.032866612
noise,0.0,0.024885748
noise,0.0,0.031043164
noise,0.0,0.10989067
noise,0.0,0.04384623
noise,0.0,0.032166798
noise,0.0,0.0177101
noise,0.0,0.24280383
noise,0.0,0.0022809901
noise,0.0,0.2275432
noise,0.0,0.09706775
noise,0.0,0.020769699
noise,0.0,0.06794189
noise,0.0,0.2826262
noise,0.0,0.006000646
noise,0.0,0.010351242
noise,0.0,0.08733428
noise,0.0,0.048164755
noise,0.0,0.012202947
noise,0.0,0.13292699
noise,0.0,0.97195125
noise,0.0,0.025670582
noise,0.0,0.10469614
noise,0.0,0.010427516
noise,0.0,0.13008131
noise,0.0,0.10052567
noise,0.0,0.04711522
noise,0.0,0.051001586
noise,0.0,0.06757535
noise,0.0,0.24060689
noise,0.0,0.06725429
noise,0.0,0.013466083
noise,0.0,0.02821327
noise,0.0,0.070116274
noise,0.0,0.029582461
noise,0.0,0.009073819
noise,0.0,0.23548418
noise,0.0,0.08499044
noise,0.0,0.95433104
noise,0.0,0.04992973
noise,0.0,0.22944468
noise,0.0,0.017812163
noise,0.0,0.05863776
noise,0.0,0.004540446
noise,0.0,0.033284318
noise,0.0,0.22241357
noise,0.0,0.03277913
noise,0.0,0.1109077
noise,0.0,0.06505066
noise,0.0,0.002258695
noise,0.0,0.08246551
noise,0.0,0.022845915
noise,0.0,0.04281525
noise,0.0,0.07415481
noise,0.0,0.004714148
noise,0.0,0.75084925
noise,0.0,0.17597644
noise,0.0,0.09770056
noise,0.0,0.024146743
noise,0.0,0.073604606
noise,0.0,0.018294843
noise,0.0,0.07727832
noise,0.0,0.106218986
noise,0.0,0.00935898
noise,0.0,0.032643788
noise,0.0,0.021218164
noise,0.0,0.013779837
noise,0.0,0.9370305
noise,0.0,0.024396967
noise,0.0,0.044213112
noise,0.0,0.030633861
noise,0.0,0.019684501
noise,0.0,0.044932473
noise,0.0,0.0391211
noise,0.0,0.16066118
noise,0.0,0.0016133762
noise,0.0,0.17475465
noise,0.0,0.013838207
noise,0.0,0.017640686
noise,0.0,0.060506795
noise,0.0,0.26033977
noise,0.0,0.15991059
noise,0.0,0.016142745
noise,0.0,0.09832991
noise,0.0,0.046062388
noise,0.0,0.023520714
noise,0.0,0.017470872
noise,0.0,0.0118120015
noise,0.0,0.035712175
noise,0.0,0.14463986
noise,0.0,0.12143791
noise,0.0,0.033174776
noise,0.0,0.057148226
noise,0.0,0.01865103
noise,0.0,0.049579844
noise,0.0,0.0019210917
noise,0.0,0.05808354
noise,0.0,0.0123534715
noise,0.0,0.0137140425
noise,0.0,0.16928129
noise,0.0,0.04199103
noise,0.0,0.018872146
noise,0.0,0.02376804
noise,0.0,0.033381578
noise,0.0,0.046305425
noise,0.0,0.006639157
noise,0.0,0.06439687
noise,0.0,0.26264286
noise,0.0,0.14773682
noise,0.0,0.023881087
noise,0.0,0.008403115
noise,0.0,0.016045898
noise,0.0,0.92200965
noise,0.0,0.0015339764
noise,0.0,0.0016821647
noise,0.0,0.0014100343
noise,0.0,0.060786225
noise,0.0,0.025660506
noise,0.0,0.14936078
noise,0.0,0.008179268
noise,0.0,0.008171399
noise,0.0,0.077836506
noise,0.0,0.011574226
noise,0.0,0.07754291
noise,0.0,0.008198542
noise,0.0,0.0025310006
noise,0.0,0.018823816
noise,0.0,0.048100114
noise,0.0,0.023256846
noise,0.0,0.055292852
noise,0.0,0.012827637
noise,0.0,0.11760405
noise,0.0,0.022615371
noise,0.0,0.10230692
noise,0.0,0.012160824
noise,0.0,0.08165018
noise,0.0,0.02402984
noise,0.0,0.7748762
noise,0.0,0.010450864
noise,0.0,0.024851792
noise,0.0,0.008965299
noise,0.0,0.06610432
noise,0.0,0.03709902
noise,0.0,0.2294474
noise,0.0,0.40839025
noise,0.0,0.19893147
noise,0.0,0.0705052
noise,0.0,0.09020961
noise,0.0,0.05110554
noise,0.0,0.0036464927
noise,0.0,0.0025989346
noise,0.0,0.021399407
noise,0.0,0.0029497212
noise,0.0,0.024244316
noise,0.0,0.01832465
noise,0.0,0.0512834
noise,0.0,0.1648383
noise,0.0,0.091893554
noise,0.0,0.0470239
noise,0.0,0.017069805
noise,0.0,0.7252596
noise,0.0,0.9804159
noise,0.0,0.043100465
noise,0.0,0.01672163
noise,0.0,0.020116946
noise,0.0,0.0016844372
noise,0.0,0.03371667
noise,0.0,0.03687794
noise,0.0,0.0650135
noise,0.0,0.0045902804
noise,0.0,0.061713554
noise,0.0,0.076426916
noise,0.0,0.039934143
noise,0.0,0.03927425
noise,0.0,0.034241382
noise,0.0,0.07459752
noise,0.0,0.037828322
noise,0.0,0.04255621
noise,0.0,0.087864384
noise,0.0,0.064688906
noise,0.0,4.7758374e-05
noise,0.0,0.064250626
noise,0.0,0.5740146
noise,0.0,0.06439687
noise,0.0,0.07312637
noise,0.0,0.021105098
noise,0.0,0.10570091
noise,0.0,0.05007295
noise,0.0,0.36966252
noise,0.0,0.12394038
noise,0.0,0.011789981
noise,0.0,0.044362232
noise,0.0,0.46616322
noise,0.0,0.07520298
noise,0.0,0.1925982
noise,0.0,0.01380956
noise,0.0,0.04995498
noise,0.0,0.074279204
noise,0.0,0.980877
noise,0.0,0.03148808
noise,0.0,0.04901704
noise,0.0,0.015795922
noise,0.0,0.039301876
noise,0.0,0.034661923
noise,0.0,0.023663871
noise,0.0,0.03420122
noise,0.0,0.029553723
noise,0.0,0.0187202
noise,0.0,0.043474194
noise,0.0,0.15659778
noise,0.0,0.05484703
noise,0.0,0.023406938
noise,0.0,0.091763675
noise,0.0,0.023045331
noise,0.0,0.027691465
noise,0.0,0.05015353
noise,0.0,0.1118363
noise,0.0,0.012521788
noise,0.0,0.08110498
noise,0.0,0.022333115
noise,0.0,0.018064676
noise,0.0,0.2100194
noise,0.0,0.045313526
noise,0.0,0.04099325
noise,0.0,0.029896013
noise,0.0,0.03163681
noise,0.0,0.036103457
noise,0.0,0.07355112
noise,0.0,0.12592334
noise,0.0,0.0017546746
noise,0.0,0.010248834
noise,0.0,0.02197286
noise,0.0,0.03259882
noise,0.0,0.08057548
noise,0.0,0.05412099
noise,0.0,0.03758882
noise,0.0,0.00939145
noise,0.0,0.028154586
noise,0.0,0.007154167
noise,0.0,0.26937222
noise,0.0,0.0032559233
noise,0.0,0.024977742
noise,0.0,0.015708368
noise,0.0,0.015396706
noise,0.0,0.016830973
noise,0.0,0.02728548
noise,0.0,0.068934485
noise,0.0,0.034673918
noise,0.0,0.02146077
noise,0.0,0.05350896
noise,0.0,0.030913455
noise,0.0,0.025773259
noise,0.0,0.019544993
noise,0.0,0.004324329
noise,0.0,0.032844823
noise,0.0,0.21502578
noise,0.0,0.0018456568
noise,0.0,0.0016404586
noise,0.0,0.013813254
noise,0.0,0.03251855
noise,0.0,0.045169782
noise,0.0,0.11546948
noise,0.0,0.011079258
noise,0.0,0.017967606
noise,0.0,0.007606932
noise,0.0,0.11776201
noise,0.0,0.13318211
noise,0.0,0.026102867
noise,0.0,0.029542789
noise,0.0,0.028391493
noise,0.0,0.06506944
noise,0.0,0.016984226
noise,0.0,0.047292285
noise,0.0,0.23556648
noise,0.0,0.076468304
noise,0.0,0.025904465
noise,0.0,0.027246078
noise,0.0,0.08769393
noise,0.0,0.028957292
noise,0.0,0.60465485
noise,0.0,0.09587876
noise,0.0,0.3296837
noise,0.0,0.019465797
noise,0.0,0.12595099
noise,0.0,0.026936652
noise,0.0,0.04189704
noise,0.0,0.050470773
noise,0.0,0.053077195
noise,0.0,0.3115189
noise,0.0,0.021740774
noise,0.0,0.29810277
noise,0.0,0.034493554
noise,0.0,0.029296057
noise,0.0,0.0067277416
noise,0.0,0.04290384
noise,0.0,0.016246125
noise,0.0,0.21982299
noise,0.0,0.10012061
noise,0.0,0.0055611157
noise,0.0,0.051109962
noise,0.0,0.046377923
noise,0.0,0.069525234
noise,0.0,0.080064155
noise,0.0,0.019680176
noise,0.0,0.0052285464
noise,0.0,0.035597783
noise,0.0,0.006799554
noise,0.0,0.024479559
noise,0.0,0.065236546
noise,0.0,0.044607636
noise,0.0,0.100462615
noise,0.0,0.02747917
noise,0.0,0.113321885
noise,0.0,0.07014293
noise,0.0,0.17703466
noise,0.0,0.016733903
noise,0.0,0.0317921
noise,0.0,0.019382667
noise,0.0,0.010750776
noise,0.0,0.034030467
noise,0.0,0.01788465
noise,0.0,0.060859706
noise,0.0,0.058411278
noise,0.0,0.05782643
noise,0.0,0.10957701
noise,0.0,0.041049197
noise,0.0,0.07511463
noise,0.0,0.034067873
noise,0.0,0.030709274
noise,0.0,0.21436253
noise,0.0,0.025077654
noise,0.0,0.03320948
noise,0.0,0.1067677
noise,0.0,0.051387735
noise,0.0,0.0029818518
noise,0.0,0.03934281
noise,0.0,0.030935556
noise,0.0,0.008304657
noise,0.0,0.12635376
noise,0.0,0.024970913
noise,0.0,0.03647546
noise,0.0,0.19214754
noise,0.0,0.017866226
noise,0.0,0.022050282
noise,0.0,0.03958193
noise,0.0,0.08517107
noise,0.0,0.07546056
noise,0.0,0.034503542
noise,0.0,0.006626539
noise,0.0,0.013593078
noise,0.0,0.083362564
noise,0.0,0.8212409
noise,0.0,0.036510352
noise,0.0,0.07729476
noise,0.0,0.043416787
noise,0.0,0.023000028
noise,0.0,0.03732203
noise,0.0,0.021648595
noise,0.0,0.2020774
noise,0.0,0.030212004
noise,0.0,0.00067719904
noise,0.0,0.048764132
noise,0.0,0.041347373
noise,0.0,0.06356281
noise,0.0,0.03914528
noise,0.0,0.0247446
noise,0.0,0.1320805
noise,0.0,0.1631604
noise,0.0,0.015453741
noise,0.0,0.37699366
noise,0.0,0.040415924
noise,0.0,0.055196315
noise,0.0,0.021430975
noise,0.0,0.02304276
noise,0.0,0.121944144
noise,0.0,0.016927002
noise,0.0,0.02143543
noise,0.0,0.0677849
noise,0.0,0.052373745
noise,0.0,0.034006998
noise,0.0,0.091589935
noise,0.0,0.06279781
noise,0.0,0.04401275
noise,0.0,0.052159745
noise,0.0,0.031085044
noise,0.0,0.05526352
noise,0.0,0.057478387
noise,0.0,0.06336613
noise,0.0,0.11463718
noise,0.0,0.010288549
noise,0.0,0.045179386
noise,0.0,0.025979592
noise,0.0,0.46896026
noise,0.0,0.2816671
noise,0.0,0.0030022701
noise,0.0,0.06070005
noise,0.0,0.06381481
noise,0.0,0.01674069
noise,0.0,0.019463325
noise,0.0,0.13511474
noise,0.0,0.07673233
noise,0.0,0.0032700112
noise,0.0,0.148257
noise,0.0,0.16344549
noise,0.0,0.033960104
noise,0.0,0.30896598
noise,0.0,0.04652727
noise,0.0,0.12593727
noise,0.0,0.15776479
noise,0.0,0.0046276664
noise,0.0,0.0044746418
noise,0.0,0.13543537
noise,0.0,0.19412977
noise,0.0,0.046510875
noise,0.0,0.026270714
noise,0.0,0.01812316
noise,0.0,0.02881124
noise,0.0,0.023477182
noise,0.0,0.10379809
noise,0.0,0.023713857
noise,0.0,0.032028213
noise,0.0,0.03958928
noise,0.0,0.16677903
noise,0.0,0.15760817
noise,0.0,0.011113714
noise,0.0,0.017880246
noise,0.0,0.07593751
noise,0.0,0.017972933
noise,0.0,0.09481383
noise,0.0,0.01393944
noise,0.0,0.005476531
noise,0.0,0.39103895
noise,0.0,0.013435521
noise,0.0,0.059670012
noise,0.0,0.94877785
noise,0.0,0.019912578
noise,0.0,0.017833222
noise,0.0,0.049640838
noise,0.0,0.01497371
noise,0.0,0.029783037
noise,0.0,0.04149197
noise,0.0,0.018931441
noise,0.0,0.9320453
noise,0.0,0.06432758
noise,0.0,0.16644247
noise,0.0,0.0737531
noise,0.0,0.015919758
noise,0.0,0.22325408
noise,0.0,0.07320246
noise,0.0,0.022982204
noise,0.0,0.03845093
noise,0.0,0.035586957
noise,0.0,0.05462057
noise,0.0,0.03995046
noise,0.0,0.006463254
noise,0.0,0.014458005
noise,0.0,0.08280241
noise,0.0,0.027892461
noise,0.0,0.013135493
noise,0.0,0.0050748703
noise,0.0,0.058637608
noise,0.0,0.8756874
noise,0.0,0.0010591471
noise,0.0,0.05922898
noise,0.0,0.0015139731
noise,0.0,0.012743029
noise,0.0,0.20983103
noise,0.0,0.04948515
noise,0.0,0.08691539
noise,0.0,0.07446363
noise,0.0,0.026330346
noise,0.0,0.016044453
noise,0.0,0.27176693
noise,0.0,0.01661596
noise,0.0,0.052959878
noise,0.0,0.0071884287
noise,0.0,0.09322484
noise,0.0,0.39103895
noise,0.0,0.0644851
noise,0.0,0.031167509
noise,0.0,0.0147337215
noise,0.0,0.14773682
noise,0.0,0.016143063
noise,0.0,0.0016509513
noise,0.0,0.044185143
noise,0.0,0.039674267
noise,0.0,0.020856274
noise,0.0,0.013937611
noise,0.0,0.012572985
noise,0.0,0.08642622
noise,0.0,0.06321904
noise,0.0,0.074473545
noise,0.0,0.028001776
noise,0.0,0.08874405
noise,0.0,0.005324904
noise,0.0,0.05077931
noise,0.0,0.065215774
noise,0.0,0.051013198
noise,0.0,0.07107208
noise,0.0,0.093906805
noise,0.0,0.030991029
noise,0.0,0.023928473
noise,0.0,0.013414048
noise,0.0,0.03826793
noise,0.0,0.057621207
noise,0.0,0.25190789
noise,0.0,0.2815758
noise,0.0,0.0358003
noise,0.0,0.037299044
noise,0.0,0.00075066264
noise,0.0,0.028667262
noise,0.0,0.031300362
noise,0.0,0.026765294
noise,0.0,0.74514544
noise,0.0,0.02329768
noise,0.0,0.005776247
noise,0.0,0.063938275
noise,0.0,0.24671674
noise,0.0,0.010028349
noise,0.0,0.082151905
noise,0.0,0.034040112
noise,0.0,0.07104825
noise,0.0,0.03805709
noise,0.0,0.20322764
noise,0.0,0.032919902
noise,0.0,0.032998163
noise,0.0,0.008957109
noise,0.0,0.046773154
noise,0.0,0.021025378
noise,0.0,0.99342394
noise,0.0,0.048263904
noise,0.0,0.0012464214
noise,0.0,0.039641228
noise,0.0,0.025835993
noise,0.0,0.0040895552
noise,0.0,0.019979324
noise,0.0,0.2013981
noise,0.0,0.030974528
noise,0.0,0.121000156
noise,0.0,0.97930324
noise,0.0,0.10188337
noise,0.0,0.0121492995
noise,0.0,0.026884427
noise,0.0,0.013034799
noise,0.0,0.30896598
noise,0.0,0.012695879
noise,0.0,0.0081007155
noise,0.0,0.016358992
noise,0.0,0.21245864
noise,0.0,0.032796923
noise,0.0,0.6587652
noise,0.0,0.043724604
noise,0.0,0.058064263
noise,0.0,0.019407017
noise,0.0,0.011506179
noise,0.0,0.0047813947
noise,0.0,0.1072508
noise,0.0,0.025878742
noise,0.0,0.04614431
noise,0.0,0.05726158
noise,0.0,0.11951957
noise,0.0,0.040842827
noise,0.0,0.056453854
noise,0.0,0.10198103
noise,0.0,0.04534138
noise,0.0,0.03321064
noise,0.0,0.023125337
noise,0.0,0.028843064
noise,0.0,0.121557415
noise,0.0,0.06507274
noise,0.0,0.01846699
noise,0.0,0.0009552544
noise,0.0,0.05387943
noise,0.0,0.027501365
noise,0.0,0.023587413
noise,0.0,0.023342349
noise,0.0,0.24906616
noise,0.0,0.015904317
noise,0.0,0.27980968
noise,0.0,0.008503959
noise,0.0,0.22488432
noise,0.0,0.07524451
noise,0.0,0.076726444
noise,0.0,0.039051503
noise,0.0,0.017734895
noise,0.0,0.03825084
noise,0.0,0.99342394
noise,0.0,0.002184865
noise,0.0,0.002182737
noise,0.0,0.031429805
noise,0.0,0.024596797
noise,0.0,0.024529893
noise,0.0,0.054843184
noise,0.0,0.034128465
noise,0.0,0.117812365
noise,0.0,0.1245645
noise,0.0,0.10423427
noise,0.0,0.094228275
noise,0.0,0.020287013
noise,0.0,0.0075212736
noise,0.0,0.02725009
noise,0.0,0.04576287
noise,0.0,0.8083094
noise,0.0,0.06317612
noise,0.0,0.033346917
noise,0.0,0.01851164
noise,0.0,0.024054447
noise,0.0,0.024995921
noise,0.0,0.056648653
noise,0.0,0.102429345
noise,0.0,0.7596672
noise,0.0,0.027781652
noise,0.0,0.030607743
noise,0.0,0.045836248
noise,0.0,0.056564916
noise,0.0,0.107566886
noise,0.0,0.031369567
noise,0.0,0.02131235
noise,0.0,0.057509027
noise,0.0,0.014318954
noise,0.0,0.047996458
